,expt_name,expt_y_label,conv1,bn1,act1,maxpool,layer1_0_conv1,layer1_0_bn1,layer1_0_act1,layer1_0_conv2,layer1_0_bn2,layer1_0_drop_block,layer1_0_act2,layer1_0_aa,layer1_0_conv3,layer1_0_bn3,layer1_0_act3,layer1_0_downsample_0,layer1_0_downsample_1,layer1_1_conv1,layer1_1_bn1,layer1_1_act1,layer1_1_conv2,layer1_1_bn2,layer1_1_drop_block,layer1_1_act2,layer1_1_aa,layer1_1_conv3,layer1_1_bn3,layer1_1_act3,layer1_2_conv1,layer1_2_bn1,layer1_2_act1,layer1_2_conv2,layer1_2_bn2,layer1_2_drop_block,layer1_2_act2,layer1_2_aa,layer1_2_conv3,layer1_2_bn3,layer1_2_act3,layer2_0_conv1,layer2_0_bn1,layer2_0_act1,layer2_0_conv2,layer2_0_bn2,layer2_0_drop_block,layer2_0_act2,layer2_0_aa,layer2_0_conv3,layer2_0_bn3,layer2_0_act3,layer2_0_downsample_0,layer2_0_downsample_1,layer2_1_conv1,layer2_1_bn1,layer2_1_act1,layer2_1_conv2,layer2_1_bn2,layer2_1_drop_block,layer2_1_act2,layer2_1_aa,layer2_1_conv3,layer2_1_bn3,layer2_1_act3,layer2_2_conv1,layer2_2_bn1,layer2_2_act1,layer2_2_conv2,layer2_2_bn2,layer2_2_drop_block,layer2_2_act2,layer2_2_aa,layer2_2_conv3,layer2_2_bn3,layer2_2_act3,layer2_3_conv1,layer2_3_bn1,layer2_3_act1,layer2_3_conv2,layer2_3_bn2,layer2_3_drop_block,layer2_3_act2,layer2_3_aa,layer2_3_conv3,layer2_3_bn3,layer2_3_act3,layer3_0_conv1,layer3_0_bn1,layer3_0_act1,layer3_0_conv2,layer3_0_bn2,layer3_0_drop_block,layer3_0_act2,layer3_0_aa,layer3_0_conv3,layer3_0_bn3,layer3_0_act3,layer3_0_downsample_0,layer3_0_downsample_1,layer3_1_conv1,layer3_1_bn1,layer3_1_act1,layer3_1_conv2,layer3_1_bn2,layer3_1_drop_block,layer3_1_act2,layer3_1_aa,layer3_1_conv3,layer3_1_bn3,layer3_1_act3,layer3_2_conv1,layer3_2_bn1,layer3_2_act1,layer3_2_conv2,layer3_2_bn2,layer3_2_drop_block,layer3_2_act2,layer3_2_aa,layer3_2_conv3,layer3_2_bn3,layer3_2_act3,layer3_3_conv1,layer3_3_bn1,layer3_3_act1,layer3_3_conv2,layer3_3_bn2,layer3_3_drop_block,layer3_3_act2,layer3_3_aa,layer3_3_conv3,layer3_3_bn3,layer3_3_act3,layer3_4_conv1,layer3_4_bn1,layer3_4_act1,layer3_4_conv2,layer3_4_bn2,layer3_4_drop_block,layer3_4_act2,layer3_4_aa,layer3_4_conv3,layer3_4_bn3,layer3_4_act3,layer3_5_conv1,layer3_5_bn1,layer3_5_act1,layer3_5_conv2,layer3_5_bn2,layer3_5_drop_block,layer3_5_act2,layer3_5_aa,layer3_5_conv3,layer3_5_bn3,layer3_5_act3,layer4_0_conv1,layer4_0_bn1,layer4_0_act1,layer4_0_conv2,layer4_0_bn2,layer4_0_drop_block,layer4_0_act2,layer4_0_aa,layer4_0_conv3,layer4_0_bn3,layer4_0_act3,layer4_0_downsample_0,layer4_0_downsample_1,layer4_1_conv1,layer4_1_bn1,layer4_1_act1,layer4_1_conv2,layer4_1_bn2,layer4_1_drop_block,layer4_1_act2,layer4_1_aa,layer4_1_conv3,layer4_1_bn3,layer4_1_act3,layer4_2_conv1,layer4_2_bn1,layer4_2_act1,layer4_2_conv2,layer4_2_bn2,layer4_2_drop_block,layer4_2_act2,layer4_2_aa,layer4_2_conv3,layer4_2_bn3,layer4_2_act3,global_pool_pool,global_pool_flatten,fc
1,Exp01: Thatcher Index,Thatcher Index,-0.001228370405078749,-0.0021650862821843476,-0.0023202475102152677,-0.0051009046263061466,-0.005677351031044964,-0.007760240277275443,-0.006686537148198113,-0.004713493604504038,-0.005262509518070146,-0.005262509518070146,-0.010936797023168765,-0.010936797023168765,-0.009255818719975651,-0.008563412714283913,-0.006878038380818907,-0.0038970499745119014,-0.0015930276334984229,0.00036574184778146444,-0.001123052964976523,-0.005047020947677084,0.006223356327973306,-0.0003215549476408341,-0.0003215549476408341,-0.0030540263222064825,-0.0030540263222064825,0.0024311481043696403,-0.0009065326652489602,-0.0036413880763575433,0.005824723314435687,0.007140070758759975,0.005591459856077563,0.004684464007732458,0.005227450071834028,0.005227450071834028,0.004456195834791288,0.004456195834791288,0.0038932444964302703,0.004467578072217293,0.0005184627065318636,-0.0011218179046409205,-0.0031692123855464162,-0.005954912171000614,0.003618914636899717,-0.0021655605880368965,-0.0021655605880368965,-0.0016676477040164172,-0.0016676477040164172,0.003703174959082389,0.0028224879002664237,-0.003006524668307975,-0.027036578115075826,-0.02973001105710864,-0.004907091941277031,-0.005745763675076887,-0.004804080538451672,-0.010604665655409917,-0.012642733912798576,-0.012642733912798576,-0.011435394932050258,-0.011435394932050258,-0.01437806641770294,-0.014521911402698606,-0.0031863520736806093,-0.0021167116858123334,-0.004078413409297354,0.0013998331458424218,0.0036105194132687755,0.003027962613850832,0.003027962613850832,0.0010207067301962526,0.0010207067301962526,0.0020318347553256897,0.0019962498801760374,-0.0018838576623238623,-0.006003413160215132,-0.009500389564345823,-0.0014998486498370768,-0.0063431670278077945,-0.008470397139899433,-0.008470397139899433,-0.013901078962953761,-0.013901078962953761,-0.012996742897666991,-0.014257957690642798,-0.0030890610883943736,0.0006396861979737877,0.004126010497566312,0.008908474459167337,7.237105164676904e-05,0.006349887431133539,0.006349887431133539,0.00019221010734327137,0.00019221010734327137,-0.0038347494788467883,-0.006599421316059307,-0.0003401706228032708,-0.014061886805575342,-0.012486349124810659,-0.00391691408585757,-0.004732164519373328,-0.0019896057216101325,-0.015102613694034516,-0.010901096518500708,-0.010901096518500708,-0.017534549866832096,-0.017534549866832096,-0.020412064902484418,-0.019568963651545347,-0.00496349610039033,-0.016957495594397187,-0.01443257643841207,-0.01424050227724365,-0.014339022152125836,-0.011605741956191195,-0.011605741956191195,-0.0156215017195791,-0.0156215017195791,-0.017990383645519616,-0.019387200800701977,-0.01023601666383911,-0.012816823087632656,-0.01578799355775118,-0.019016011414350942,-0.02480313039268367,-0.02738906579943432,-0.02738906579943432,-0.026757547821762272,-0.026757547821762272,-0.02668761690147221,-0.027365980134345592,-0.016573371371487157,-0.016359448665753007,-0.022043044422753157,-0.02188459484023042,-0.024819618451874702,-0.03703509280458093,-0.03703509280458093,-0.03100224057561718,-0.03100224057561718,-0.02852852120413445,-0.03635565052973107,-0.023420311522204428,-0.026827576104551554,-0.03361349795013666,-0.03095273298677057,-0.026179142668843268,-0.04183304286561906,-0.04183304286561906,-0.04326987185631879,-0.04326987185631879,-0.043320858540391784,-0.05039937301771715,-0.033701588143594564,-0.04117936306865886,-0.05051266881637275,-0.057307533688435795,-0.0650260468479246,-0.0875415545044234,-0.0875415545044234,-0.09202037244103849,-0.09202037244103849,-0.09150821208022535,-0.08319648690521717,-0.06995332650840283,-0.033572615357115865,-0.03697668234817684,-0.07248686089296826,-0.0836501602520002,-0.07465730973635801,-0.08128171776188538,-0.08371997298672795,-0.08371997298672795,-0.0828135740943253,-0.0828135740943253,-0.08098862115293741,-0.0783510423174448,-0.0736649421043694,-0.07320164237171412,-0.08382860852871091,-0.08167262771166861,-0.08025561273097992,-0.0791995010804385,-0.0791995010804385,-0.07632258734665812,-0.07632258734665812,-0.07508621225133538,-0.0886392385698855,-0.08152102120220661,-0.07671394711360335,-0.07671394711360335,-0.07554199621081352
2,Exp02: Mirror Confusion,Mirror Confusion Index,-6.923767272382974e-05,0.00046952548902481797,0.00018146541435271502,0.0009014789300272241,0.0005565408209804446,0.002005029159699916,0.0026781967177521436,0.0002653916249983013,0.0010220835520885884,0.0010220835520885884,0.0010408509412081913,0.0010408509412081913,0.0008802049327641725,0.0005833531683310866,-5.580526398262009e-05,0.00016395315062254668,7.07834807690233e-05,-0.0008220035396516323,-0.0007750175616820342,-0.001088782554725185,-0.0017741679813480004,-0.001511894615541678,-0.001511894615541678,-0.001644679105229443,-0.001644679105229443,-0.0017613573418930172,-0.0017157714422501157,-0.0003529247753613163,-0.0009441001538652927,-0.0021914361318340525,-0.0013974248415615875,-0.0028540800805421894,-0.0019314090686384589,-0.0019314090686384589,-0.0019678817973181138,-0.0019678817973181138,-0.0024757298409167562,-0.0011352267488837242,-0.0005953027002396994,-0.0008420106128323823,8.834062493406236e-05,-0.0003578111909882864,-0.0008708548374124803,8.333572070114315e-05,8.333572070114315e-05,-0.0002965384405251825,-0.0002965384405251825,7.162960420828313e-05,-5.022825178457424e-05,0.0002553016581077827,-0.000547247682698071,-0.00024983190698549154,2.461211995978374e-05,-0.00010823856107890606,0.0005170831171562895,0.0001447721943259239,-0.0006534253235440701,-0.0006534253235440701,0.00018337081361096351,0.00018337081361096351,0.00046031702811887953,0.0007274670229526236,-7.764105248497799e-05,-0.0016311331797624006,-0.0014665566026087617,-0.0005477519310079515,-0.002772391892503947,5.3353191469796e-05,5.3353191469796e-05,-0.00033379244967363775,-0.00033379244967363775,-0.000878775025921641,-0.0005230336665408686,-0.000371824430039851,-0.002816793929086998,-0.002942742956802249,-0.002402313218917698,-0.0018153226963477209,-0.002238007604610175,-0.002238007604610175,-0.0010590646939817815,-0.0010590646939817815,0.0005147465493064374,-0.0003589599833867396,-4.018572406494059e-05,0.0006669284365489148,0.0016954054438974707,0.0008059830532874912,0.0019920825566805433,0.001991359173262026,0.001991359173262026,0.0025934821006376296,0.0025934821006376296,0.002605672536883503,0.003028678887203569,0.0033560808026231823,0.0017928793816827237,0.0031206349772401154,0.0027288753679022195,0.0016721704517840407,0.0022517560335109012,0.0007789168215822428,-0.0004082569915044587,-0.0004082569915044587,0.002234277467287029,0.002234277467287029,0.006767776571214199,0.005405379249714315,0.004083345411345363,-0.0024580316082574425,-0.0015053805441129953,-7.280569523572922e-05,-0.004855748773552477,-0.004329361084382981,-0.004329361084382981,-0.0010821220465004444,-0.0010821220465004444,-0.0013328815787099302,-0.000623372893605847,0.0035964722716016694,0.0014186574937775731,0.0015109930047765374,0.0009607377485372126,0.0019263592339120806,0.0028810303171667327,0.0028810303171667327,0.005081612390931696,0.005081612390931696,0.005367755764164031,0.0046891733615848355,0.004947257514577359,0.0014068064832827077,0.0024068701325450094,0.0026165713291266004,0.0011110829119570552,0.0018627092445967718,0.0018627092445967718,0.004876448722206987,0.004876448722206987,0.004912720440115663,0.0053008327522547916,0.006046400803606957,0.0016235495929140598,0.003094697459273448,0.0022898372878262306,0.007552848713239655,0.007012107202608604,0.007012107202608604,0.008078443096019327,0.008078443096019327,0.007655293361167424,0.008475589021254564,0.007525080208579311,0.008092511687427759,0.007337969592772425,0.00774829797057464,0.015330113508971408,0.012820253528043396,0.012820253528043396,0.009505382776842453,0.009505382776842453,0.00744976649119053,0.005943165838543791,0.0018218876220635139,0.005002963391598314,0.002730464991182089,-0.00013188640034059062,-0.001336486900690943,-0.0002446762751787901,0.001143782491562888,-0.0015044571954058482,-0.0015044571954058482,-0.0018268262370838783,-0.0018268262370838783,-0.0003459087392548099,-0.000753359250666108,0.0014734171668533236,0.0009856179697089829,0.0005461729608941823,0.0033371051636640913,0.02485851715435274,0.01629285521674319,0.01629285521674319,0.012354710427462123,0.012354710427462123,0.006082740719684807,0.003615044553152984,0.005721260810096282,0.17077732995152473,0.17077732995152473,0.19760185966733843
3,Exp03: Scene Incongruence,,"[{'c_top5_acc_mean': 0.25, 'c_top5_acc_se': 0.06846531968814576, 'c_top1_acc_mean': 0.075, 'c_top1_acc_se': 0.04164582812239421, 'i_top5_acc_mean': 0.25, 'i_top5_acc_se': 0.06846531968814576, 'i_top1_acc_mean': 0.15, 'i_top1_acc_se': 0.05645794895318108}]",,,,,,,,,,,,,,,,,,,,,,,,,,,,,,,,,,,,,,,,,,,,,,,,,,,,,,,,,,,,,,,,,,,,,,,,,,,,,,,,,,,,,,,,,,,,,,,,,,,,,,,,,,,,,,,,,,,,,,,,,,,,,,,,,,,,,,,,,,,,,,,,,,,,,,,,,,,,,,,,,,,,,,,,,,,,,,,,,,,,,,,,,,,,,,
4,Exp04a: Multiple Object Normalisation (Pairs),Estimated Slope,0.9999999999999988,0.6675939529131253,0.6576094741027892,0.663805496492965,0.5955546658727858,0.6433864616164888,0.6308978956724379,0.5960473941735853,0.6366059332819252,0.6366059332819252,0.622093738631605,0.622093738631605,0.6444645712632397,0.6742310817578326,0.5910780995721188,0.6172000253724392,0.694354960099661,0.5759988073502824,0.6148851298434447,0.5822293286242257,0.5350784882975177,0.6113742519447897,0.6113742519447897,0.6117582293820845,0.6117582293820845,0.6022085002067151,0.6128713311601653,0.5867821829991614,0.5827743055979903,0.6518625642677597,0.64741606853065,0.681916745255624,0.6287653083430482,0.6287653083430482,0.6378053791739563,0.6378053791739563,0.6365144258429019,0.6349733915511471,0.6003369526459656,0.6166405578701968,0.6502535356482542,0.6587016877581294,0.6861605978379122,0.64740457973268,0.64740457973268,0.6500663249262152,0.6500663249262152,0.6359471426274924,0.6602199480848052,0.636215059581243,0.6698332178304415,0.6686420783889289,0.6733226571536398,0.6437643392179999,0.6384207069967828,0.58852170895169,0.6441136169051705,0.6441136169051705,0.6331869029494495,0.6331869029494495,0.6351250315772002,0.6391406639615682,0.6128778228170302,0.6746158812491208,0.656077852254541,0.6656757484161159,0.6981032940688,0.6449625498238365,0.6449625498238365,0.6391521007726646,0.6391521007726646,0.6594507925672927,0.6470047398308042,0.6056951378421108,0.6474627613067304,0.6392097056068174,0.6744797809698898,0.7043319171205857,0.6416656291261341,0.6416656291261341,0.6426964343469508,0.6426964343469508,0.6368513477681781,0.6257532020436359,0.5928379408900722,0.6219601256113578,0.6237284695409603,0.6631758256118858,0.6520895042852392,0.6031028813417796,0.6031028813417796,0.6397411287965565,0.6397411287965565,0.6580664673472886,0.636763873544594,0.6296053484375014,0.6095351127220918,0.6630154863990313,0.6660828238604998,0.5960678675242209,0.6385104427517251,0.5903957463296845,0.6092966581475322,0.6092966581475322,0.6397729205055239,0.6397729205055239,0.6830787223025322,0.6174637539129587,0.627845107091599,0.6785614618715587,0.6039189157484798,0.6217658577748042,0.6354097766254216,0.601677086831434,0.601677086831434,0.6008335095346388,0.6008335095346388,0.6239151473057022,0.6007577862072112,0.604210129361188,0.6593195497487975,0.5774026458632999,0.6009060242059666,0.6158776071136032,0.5561237328250843,0.5561237328250843,0.5466435542213054,0.5466435542213054,0.6763950513735847,0.5478782860400173,0.5785876727958353,0.6376379816469094,0.5574229249415245,0.5643898188987218,0.6228208232167457,0.5364685282329654,0.5364685282329654,0.5175390901926334,0.5175390901926334,0.6566969806766759,0.5193064675543623,0.5554657053573632,0.6284800222214108,0.5405895248981271,0.5402128678640479,0.6151151081450246,0.5176725724569518,0.5176725724569518,0.5014614525238588,0.5014614525238588,0.6154176457760436,0.5153949344794573,0.5348625819688699,0.6115338997824635,0.5310544742450531,0.5394921866980693,0.611785977084831,0.4840162759441116,0.4840162759441116,0.4438255428965292,0.4438255428965292,0.5119099379898786,0.3871919225855065,0.43991378531462805,0.5912452698925865,0.4979432537889534,0.5380720139918321,0.4566072910616409,0.39870426127135716,0.5030310476970429,0.4569505911076904,0.4569505911076904,0.35344779733377163,0.35344779733377163,,0.3457096415580866,0.40101212429781585,0.470291173098212,0.40172571874701785,0.37365972604851,0.44276045277527515,0.4102110713998132,0.4102110713998132,0.29098947952376103,0.29098947952376103,,0.34694701539994954,0.3553697485211606,,,
5,Exp04b: Multiple Object Normalisation (Triplets),Estimated Slope,0.9999999999999949,0.5094708037208596,0.48404831915637764,0.4974427560501208,0.42663667090214585,0.47856070468768214,0.4435892198333816,0.4139077135844332,0.4736374803004255,0.4736374803004255,0.44273121244198593,0.44273121244198593,0.4867024634380202,0.5253686276417391,0.4020007070319844,0.4482410397196466,0.5555659733844465,0.3872010908907502,0.43850764232941974,0.3892026937618065,0.3610891086263744,0.42848826829240866,0.42848826829240866,0.41276244533576206,0.41276244533576206,0.4326490367725272,0.42917583538909293,0.394006772408672,0.3896043964087862,0.4896443829243509,0.4794738783281867,0.5307865503536464,0.46215654167929415,0.46215654167929415,0.4661400981123959,0.4661400981123959,0.4722802624922595,0.47070139013861234,0.41135580437718017,0.43473835119945753,0.4917621532158546,0.5005486123149336,0.5376023855892521,0.4913861751400737,0.4913861751400737,0.4889849895783328,0.4889849895783328,0.47505077600347523,0.5067509714343449,0.46331481992253865,0.5067039005434565,0.5165137072221702,0.523246466761883,0.48180401118800253,0.46626653243538285,0.4114313872992479,0.4824344631145808,0.4824344631145808,0.457501459793528,0.457501459793528,0.4728743418857012,0.4732153790280749,0.43081126768819356,0.5212501491634395,0.4972496335328769,0.4991966996056628,0.5531479206020956,0.4812425205519138,0.4812425205519138,0.4659202117206739,0.4659202117206739,0.5035224322354503,0.4809833821928111,0.42213515688629494,0.4812847670951838,0.4752264681106689,0.5178446126134422,0.5582057861751407,0.4774196260352736,0.4774196260352736,0.47501167666624816,0.47501167666624816,0.46995257932862083,0.45529842026204925,0.40943274371124905,0.45480537123519243,0.4575434954863116,0.4905448863682333,0.49597721958122015,0.43463554254784376,0.43463554254784376,0.4496369424029467,0.4496369424029467,0.4964905802284891,0.4699444404191227,0.4424541398461128,0.4449867500374715,0.5045836263593425,0.5055975923995264,0.420486185618546,0.4549121550026134,0.41302714354621356,0.4343305460300464,0.4343305460300464,0.45878617799809734,0.45878617799809734,0.5186801508568484,0.431375666191911,0.44022575169277445,0.5191948863148557,0.42277473895132134,0.4259793618791664,0.45702034854807444,0.4189362641817874,0.4189362641817874,0.4097536111302208,0.4097536111302208,0.4381445268087652,0.40957352744233627,0.4068219815117148,0.47282845172058785,0.3918836030455372,0.4024711310237277,0.42470320309619686,0.3692115092855275,0.3692115092855275,0.3505185809197702,0.3505185809197702,0.48167956344377194,0.3598121760274849,0.378634949577796,0.45434379649798623,0.3736811428887913,0.3663748184253297,0.4425222314413571,0.3523769896477803,0.3523769896477803,0.3243750544924967,0.3243750544924967,0.49750594116594576,0.3343600276186524,0.3584597962804812,0.45636085089722406,0.3579137768732409,0.3364246120147427,0.43640057935399956,0.33486736445109777,0.33486736445109777,0.30331333220133355,0.30331333220133355,0.4434251250982054,0.3263888998425299,0.34438075739287566,0.4380611646911902,0.3445631099146444,0.3382728235023735,0.4384523407677834,0.2996765233182731,0.2996765233182731,0.2509881326653107,0.2509881326653107,0.32356707555454095,0.22087099988165113,0.2555275326224804,0.4074844091012541,0.30482686594612723,0.35556982233490897,0.27800049853642916,0.21789092392470646,0.33718646363784305,0.2844207699794035,0.2844207699794035,0.16774147443103749,0.16774147443103749,,0.19518634675577798,0.2338927573197512,0.30898934201094364,0.24958916989201846,0.22268869836881464,0.2999524060095222,0.2686737441510959,0.2686737441510959,0.176997719334306,0.176997719334306,,0.23494257487486306,0.21737670783586802,,,
6,Exp05a: Correlated Sparseness (Reference set vs Morphlines),Sparseness Correlation,0.789098147849241,0.3932322439085644,0.37224703866201325,0.5853519864543675,0.4680527136396909,-0.06852817896945002,0.10352938646385923,0.33470101976244504,0.2936418351761136,0.2936418351761136,0.4317601918090427,0.4317601918090427,-0.012500948835449614,0.08056258814862716,0.609367714577275,0.17142030743561265,-0.1763085634493745,0.3864858486833176,0.33123850741028504,0.5935270317458885,0.26139713857996727,0.4087285312632499,0.4087285312632499,0.6262884353488862,0.6262884353488862,0.4240713302459718,0.3646928159740197,0.6930997244817604,0.22547598419808432,0.27841356997453076,0.7332318218967444,0.28260763611913753,0.24228237681542178,0.24228237681542178,0.6669426421324856,0.6669426421324856,0.23303149010388813,0.28027243237814614,0.7005850931078501,0.2796745721543498,0.2919460391010141,0.6804089110214149,0.3849237942554432,0.3539586349812387,0.3539586349812387,0.7254514402966092,0.7254514402966092,0.25498505872430344,0.20792726764374164,0.626519499733293,0.21715697498895364,0.2326881597361633,0.1785889069580727,0.17677431443503383,0.4988405023810096,0.18797812151083326,0.27808935740489193,0.27808935740489193,0.6431488151483142,0.6431488151483142,0.21308313344756025,0.18257393229678465,0.6576510203276195,0.20399122464461036,0.21179822585861008,0.6915289921822226,0.1879424639999355,0.22534219348733914,0.22534219348733914,0.7385512578232432,0.7385512578232432,0.26349797765247773,0.18274114473453038,0.6893805043498141,0.16771393071577137,0.21980140099040177,0.7259888979373111,0.18065023465565216,0.17942437662070088,0.17942437662070088,0.7557023654336954,0.7557023654336954,0.21290542705104645,0.18609024237265157,0.7116615507962815,0.20380812761463413,0.2073634082310309,0.7404821303902643,0.2246406633130808,0.19648286214762445,0.19648286214762445,0.6997808100735826,0.6997808100735826,0.2039569171123448,0.17210422510439802,0.7153332127246116,0.20594837815491474,0.20829491889413979,0.1934926051149601,0.18788393186221358,0.6487813460081168,0.15821536436791908,0.14969495000626953,0.14969495000626953,0.7218252539965133,0.7218252539965133,0.13357481067516455,0.11530181596443691,0.7162006340840663,0.14615723262751304,0.14931554249955908,0.7296786275332097,0.1195453931573423,0.1194063376078533,0.1194063376078533,0.7544424244639566,0.7544424244639566,0.10077797493336066,0.0999915101123218,0.7401684808749288,0.09282411430606992,0.09442677953245912,0.7550520651829314,0.08105798933792022,0.083638880890818,0.083638880890818,0.7683255556210545,0.7683255556210545,0.07643605688216798,0.08392111706175095,0.7634945233067814,0.09535102968642745,0.10281684389044396,0.7770023211452306,0.06411797634702807,0.07427043438604208,0.07427043438604208,0.7728292512971757,0.7728292512971757,0.08352074635091873,0.09164101718665786,0.7740566992800365,0.09029848097886492,0.09647430191567778,0.7827120066775364,0.0805134533466107,0.09317477440544686,0.09317477440544686,0.7765670915972587,0.7765670915972587,0.08468327961030091,0.0901821511982569,0.7728082600646762,0.10111329490908325,0.1024979707451524,0.7909035633577572,0.0914233415411744,0.1444886519950832,0.1444886519950832,0.7733200287691693,0.7733200287691693,0.12551359980303092,0.1623326313819199,0.7834095793748719,0.09013167050961408,0.11935981665624573,0.11957930018664574,0.15371810402518576,0.7959575393609128,0.11007982670307728,0.12846459895999068,0.12846459895999068,0.7910744159139064,0.7910744159139064,0.1503882017899231,0.1570581311147685,0.76256686369472,0.15772094438552017,0.19035003329132544,0.7929988314944701,0.15082146054170137,0.1742530858390668,0.1742530858390668,0.7629421524680146,0.7629421524680146,0.23250413895165944,0.24980028975217264,0.7206136034084181,0.2589837622147382,0.2589837622147382,0.11166695900828216
7,Exp05b: Correlated Sparseness (Shapes vs Textures),Sparseness Correlation,0.22159733226422637,0.06470822742580576,0.10767707444935004,0.09375913682547321,0.21319453694686707,0.10607088827784994,0.5106477266227062,-0.007337855297550006,0.019818510350473117,0.019818510350473117,0.42593504247769587,0.42593504247769587,0.14813062527119863,0.1364045237153801,0.5797712795261055,0.1428548526130344,0.09094365716721226,0.04648645969916277,-0.003355740866658366,0.5242506301921642,0.06460553026736042,0.04825244825592743,0.04825244825592743,0.3877993957221042,0.3877993957221042,0.09975211511456417,0.015511757978507928,0.6491107229320489,0.028519563050655356,0.0440872930335101,0.3021697423502104,0.02102990165684785,0.015363891751069168,0.015363891751069168,0.3839412031238181,0.3839412031238181,0.08091315897975468,0.04644181765339617,0.6608260916089115,0.034687628132571424,-0.006113482822934856,0.45482246048233554,0.0374961496135279,0.026090045769548143,0.026090045769548143,0.46330979312801035,0.46330979312801035,0.08633473378802713,0.07573837501230846,0.5907247684792472,0.13778394575450456,0.053772035927605585,0.061521631583804345,0.058017941053667886,0.5855782461120569,-0.011702526363503978,-0.0210153116371586,-0.0210153116371586,0.5945886442765401,0.5945886442765401,0.08358669103769184,0.04578430138176341,0.6016852781160549,0.022102525596175933,0.017469744068027468,0.49822819564086746,0.0062047942304663175,0.001347779569986685,0.001347779569986685,0.6305068116495652,0.6305068116495652,0.05519681501650665,0.0398589106369608,0.6729876736237833,-0.0006824760901001864,-0.002682637961207508,0.5809642289239025,0.005590065280748371,-0.0010620588585988147,-0.0010620588585988147,0.6312260875066289,0.6312260875066289,0.046449152297867564,0.053823171470069445,0.6999571411779675,0.01750919227672211,0.018446221169710293,0.5290819774653506,0.004202330389371161,-0.015390893851191103,-0.015390893851191103,0.3944927992330603,0.3944927992330603,0.04555974642556326,0.056094583289882954,0.4982809542133552,0.11913143650616324,0.09492976210381804,0.03486460096773144,0.013331955503358583,0.49904104996528215,-0.01951445109103724,-0.02303889322618434,-0.02303889322618434,0.5301286350071424,0.5301286350071424,0.022945868164331598,-0.0098641078019352,0.5312001109887305,0.035102370696172835,0.019394920176190135,0.4322116616413175,0.015357068506022045,0.00033059767291101355,0.00033059767291101355,0.4607158631590214,0.4607158631590214,0.020383538746476543,0.01409850485925536,0.5449230128137195,0.01290257875945676,0.016251490803753987,0.4535072255478824,0.013967558257990696,0.005774863428898484,0.005774863428898484,0.5395417760987933,0.5395417760987933,0.02048495461159603,0.015695667542082695,0.5909940109576103,0.0227176126475393,0.022678840824762014,0.5127391602505624,0.010193084689406162,0.008356487145839073,0.008356487145839073,0.5321698120217541,0.5321698120217541,0.01468035328032671,0.01331469483034118,0.6435668544063551,0.013254000315434711,0.01328694713249813,0.5322554237287109,0.00794899841745187,0.005767298799887152,0.005767298799887152,0.5036470459746343,0.5036470459746343,0.03438657745468901,0.026973781876663813,0.6982030819804936,0.020744499786330438,0.016730893355961063,0.45062651969177847,0.015895343820390918,0.021054247370023323,0.021054247370023323,0.3569958592858249,0.3569958592858249,0.023724830658492648,0.005260748256797893,0.30288572374814665,0.02067401357685124,0.014043913526807669,0.03247990845989995,0.028441465160204862,0.48927277988039564,0.005506031705568126,0.02955608444776176,0.02955608444776176,0.469592182947334,0.469592182947334,0.0137448463295568,0.006999557493146433,0.3516770189075458,0.018158638600066113,0.01642833729310752,0.5282056976701714,0.008851694133754799,0.03459536713997807,0.03459536713997807,0.5187401857839249,0.5187401857839249,0.03034429123045414,0.021150359752672956,0.5142940757546539,0.08386330821677657,0.08386330821677657,0.017615174002344247
8,Exp06: Weber's Law,Correlation with length changes,0.054748323898359846,0.1574093013343807,0.14284683695570405,0.11494987165880605,0.11888556534584405,0.1312600601367827,0.13325569999110998,0.10505763086617406,0.09905962417640224,0.09905962417640224,0.1114398195057052,0.1114398195057052,0.10088745625388953,0.11149567426897392,0.14975288124401867,0.1162471639769893,0.13964990115126555,0.17676846855423123,0.11878321708416911,0.13991645039057904,0.13807385145883544,0.15090030136039995,0.15090030136039995,0.14432547061229473,0.14432547061229473,0.13012596786731095,0.1200725987827237,0.13124745923234182,0.0992983898296887,0.07100083752558739,0.07897228417284852,0.11111131259597928,0.08412063513233703,0.08412063513233703,0.08549231825747139,0.08549231825747139,0.095461214006417,0.10202799657403006,0.12091986603959154,0.0917800392470679,0.09259816433792567,0.08691056791698448,0.07675631124170013,0.0618500966942388,0.0618500966942388,0.06849258826928611,0.06849258826928611,0.06524596112240744,0.06400347503167844,0.06161412653647075,0.028193005326202725,0.045591613972819356,0.05690543822019348,0.05332978786492301,0.05246662739585459,0.056046886558079004,0.03582049584510982,0.03582049584510982,0.04860357009409977,0.04860357009409977,0.05246515623278042,0.040131692201941654,0.05082096461309113,0.044611893072908776,0.03952044456510703,0.03738998348232281,0.03904459942849953,0.024269470836042695,0.024269470836042695,0.032172735326010976,0.032172735326010976,0.04371747121166153,0.027250957727388087,0.044752874887246746,0.039221523587476076,0.035709966684041555,0.03819914195596877,0.03217079042026186,0.028740219314495802,0.028740219314495802,0.028754669660690457,0.028754669660690457,0.0332170778373678,0.03369466363921547,0.039656474602197705,0.0391386024059841,0.03903160613612519,0.03063168967938046,0.02218342254047298,0.034983904152521006,0.034983904152521006,0.03564751669584837,0.03564751669584837,0.03676258216990319,0.038724096803852415,0.03714161673066052,0.05549610085339546,0.04858315076092426,0.02586741680727364,0.03381247477729318,0.025885291658964207,0.03182075071415129,0.025479074118589504,0.025479074118589504,0.017512603390097525,0.017512603390097525,0.017858432339568825,0.012577795246324353,0.023957274912758342,0.01481354499515014,0.01383775651777866,0.012669158895878468,0.027224240701868054,0.0238212222435144,0.0238212222435144,0.014936308808007559,0.014936308808007559,0.01436050546296068,0.008156731859412403,0.014463882885967755,0.010741100560012568,0.015695854819751054,0.007827120695718129,0.002301053855789381,0.008936581331029786,0.008936581331029786,-0.0066778858913320305,-0.0066778858913320305,-0.01091385466790154,-0.016000688730695517,-0.0010089974609282515,-0.00451816925677799,0.004291767617420478,-0.0027248088933321257,-0.0006718695159577404,0.005096572041997205,0.005096572041997205,-0.006211714719465411,-0.006211714719465411,-0.007436079112693672,-0.0061559963353944175,-0.001112612266469179,-0.0030893701184656897,0.0008402985907021154,-0.008530845269982962,-0.0030744990395593086,-0.003051979544865968,-0.003051979544865968,-0.01611182937843604,-0.01611182937843604,-0.019108865270086456,-0.024038594815658093,-0.011004700843473117,-0.013191176027312262,-0.008957963336537214,-0.01798252476100655,-0.020735025018297853,-0.010231610361690138,-0.010231610361690138,-0.015717085589730645,-0.015717085589730645,-0.01693184506218942,-0.002032537320416382,-0.02013319241432182,-0.016010289917155085,-0.014192191479714553,-0.008850662640431488,0.008818793868353617,-0.00956751311600422,0.002795295228765763,0.011864657425841895,0.011864657425841895,-0.005784046693170102,-0.005784046693170102,-0.005768473135366617,0.005835265931822047,-0.01578602288150284,0.004364876187983563,0.01310847109670378,0.01990451258468394,0.03184135074396054,0.012813920970510692,0.012813920970510692,-0.001446371627643224,-0.001446371627643224,-0.010091087919279935,0.010259014234793522,-0.015807974595432445,-0.021073604944229767,-0.021073604944229767,-0.022759038293858284
9,Exp07: Relative Size Encoding,Average Relative Size Index,0.003308047540485859,0.33288905024528503,0.3580617308616638,0.3670407831668854,0.1922285109758377,0.3008215129375458,0.3607092797756195,0.24994370341300964,0.2893882393836975,0.2893882393836975,0.3193536102771759,0.3193536102771759,0.29534319043159485,0.265808641910553,0.2504974603652954,0.3076153099536896,0.30982735753059387,0.15139922499656677,0.19002790749073029,0.2725942134857178,0.25477272272109985,0.24013471603393555,0.24013471603393555,0.3173137903213501,0.3173137903213501,0.19933681190013885,0.20302307605743408,0.20041482150554657,0.2256290316581726,0.16728168725967407,0.27706587314605713,0.15191030502319336,0.17363950610160828,0.17363950610160828,0.19462715089321136,0.19462715089321136,0.16051463782787323,0.1455247849225998,0.18957552313804626,0.151777982711792,0.13590775430202484,0.23202864825725555,0.18229208886623383,0.13836029171943665,0.13836029171943665,0.1897411048412323,0.1897411048412323,0.14570285379886627,0.16958434879779816,0.20745307207107544,0.205449178814888,0.2009519338607788,0.17249400913715363,0.18453991413116455,0.22768889367580414,0.11493296921253204,0.08988012373447418,0.08988012373447418,0.14884500205516815,0.14884500205516815,0.0943894237279892,0.10002519935369492,0.1513078659772873,0.11367125809192657,0.09354715794324875,0.13779528439044952,0.07602688670158386,0.06864722818136215,0.06864722818136215,0.107108473777771,0.107108473777771,0.06891971826553345,0.07481211423873901,0.13876746594905853,0.09688543528318405,0.07893777638673782,0.13206447660923004,0.06752679497003555,0.05575810372829437,0.05575810372829437,0.0859229639172554,0.0859229639172554,0.06669662147760391,0.05990537256002426,0.12684884667396545,0.07021079212427139,0.05930335447192192,0.12687133252620697,0.07559172064065933,0.06953492015600204,0.06953492015600204,0.08738284558057785,0.08738284558057785,0.05618155375123024,0.055344998836517334,0.12509465217590332,0.10437465459108353,0.08919699490070343,0.07209233939647675,0.06383641064167023,0.09931007772684097,0.037656497210264206,0.02610389143228531,0.02610389143228531,0.02745378203690052,0.02745378203690052,0.022670505568385124,0.01847790740430355,0.07281733304262161,0.03344246745109558,0.03324556350708008,0.04223371669650078,0.009094874374568462,0.011731217615306377,0.011731217615306377,0.01249372772872448,0.01249372772872448,0.008913089521229267,0.008861124515533447,0.04873696342110634,0.009254051372408867,0.005481148138642311,0.010588896460831165,-0.0060155363753438,-0.003943915478885174,-0.003943915478885174,-0.003726582508534193,-0.003726582508534193,-0.005693421699106693,-0.00500968424603343,0.031188994646072388,0.005770332645624876,-0.0004531021695584059,6.317593215499073e-05,-0.008421948179602623,-0.00417213374748826,-0.00417213374748826,-0.008070257492363453,-0.008070257492363453,-0.006398580968379974,-0.0057534645311534405,0.02200964279472828,0.003584438469260931,-0.0005819605430588126,0.007454266306012869,0.0008684322820045054,-0.0009705815464258194,-0.0009705815464258194,0.004585127346217632,0.004585127346217632,0.0010711658978834748,0.0014693611301481724,0.01841397024691105,0.002836618572473526,-0.0004642908170353621,0.013642911799252033,0.01004969235509634,0.006022794172167778,0.006022794172167778,0.007665727287530899,0.007665727287530899,0.005846078973263502,0.005333664361387491,0.01080579124391079,0.0038002654910087585,-0.0005490966723300517,0.0057387747801840305,0.005843268241733313,0.019612889736890793,-0.0026181822177022696,-0.0025644544512033463,-0.0025644544512033463,0.00848472211509943,0.00848472211509943,0.0005892773624509573,-0.0027906540781259537,-0.0006892323726788163,0.007062751799821854,0.011334124021232128,0.008537020534276962,-0.004319008905440569,-0.00984498206526041,-0.00984498206526041,0.003520267317071557,0.003520267317071557,-0.0002854429476428777,-0.0019775270484387875,-0.005007319618016481,0.014414078556001186,0.014414078556001186,-0.014356281608343124
10,Exp08: Surface Invariance,Average Surface Invariance Index,0.03207474201917648,0.01440926268696785,0.011730632744729519,0.0019760301802307367,0.010707378387451172,0.01896470971405506,0.003399138106033206,0.007328489795327187,0.007570147514343262,0.007570147514343262,0.0019385009072721004,0.0019385009072721004,0.003357615089043975,0.00272646127268672,0.012358938343822956,-0.002175350207835436,0.004216538276523352,0.006239117123186588,-0.005837833508849144,-0.005825452506542206,0.0004977536736987531,-0.0075093102641403675,-0.0075093102641403675,-0.009253234602510929,-0.009253234602510929,-0.002147241495549679,-0.0024824475403875113,0.0006285483250394464,0.004153349902480841,0.00039410279714502394,-0.004201735835522413,0.0026436708867549896,0.006486867088824511,0.006486867088824511,0.009394774213433266,0.009394774213433266,0.00527157261967659,0.007515672128647566,0.007076814770698547,0.008080452680587769,0.01036438811570406,0.01020260713994503,0.014063243754208088,0.016684111207723618,0.016684111207723618,0.018312722444534302,0.018312722444534302,0.01535757351666689,0.016308624297380447,0.016882410272955894,0.003202995518222451,0.005900027230381966,0.010275869630277157,0.015165144577622414,0.02526123635470867,0.01934826374053955,0.014524328522384167,0.014524328522384167,0.013334705494344234,0.013334705494344234,0.013849730603396893,0.01339915581047535,0.015255349688231945,0.018800148740410805,0.016536066308617592,0.01954694092273712,0.013144658878445625,0.013362945057451725,0.013362945057451725,0.014327695593237877,0.014327695593237877,0.013129069469869137,0.011996805667877197,0.019083324819803238,0.017648454755544662,0.018325811251997948,0.025085311383008957,0.01941044256091118,0.017446937039494514,0.017446937039494514,0.012987282127141953,0.012987282127141953,0.015020810067653656,0.015861792489886284,0.019874291494488716,0.013517467305064201,0.013673239387571812,0.031191034242510796,0.012715618126094341,0.014106301590800285,0.014106301590800285,0.015435864217579365,0.015435864217579365,0.013754528015851974,0.014129352755844593,0.02463643066585064,0.010387993417680264,0.009883744642138481,0.01645740680396557,0.01361686922609806,0.015737920999526978,0.00927412323653698,0.005365230608731508,0.005365230608731508,0.010164113715291023,0.010164113715291023,0.008725197054445744,0.00911123026162386,0.014347734861075878,0.010733804665505886,0.01124117337167263,0.015267271548509598,0.013167155906558037,0.01161094568669796,0.01161094568669796,0.015580913983285427,0.015580913983285427,0.011208283714950085,0.010185210965573788,0.015107663348317146,0.014057275839149952,0.014008315280079842,0.011277727782726288,0.01149645633995533,0.01098582148551941,0.01098582148551941,0.013989625498652458,0.013989625498652458,0.010121743194758892,0.008986621163785458,0.01275051198899746,0.007690859492868185,0.008210391737520695,0.007938658818602562,0.007174963131546974,0.004901242908090353,0.004901242908090353,0.007694999221712351,0.007694999221712351,0.005870699416846037,0.005410463083535433,0.011464330367743969,0.010757808573544025,0.00919441320002079,0.009610019624233246,0.00807103794068098,0.008347461931407452,0.008347461931407452,0.005642843898385763,0.005642843898385763,0.006968245375901461,0.004703258164227009,0.008993496187031269,0.009327879175543785,0.00812210887670517,0.0046149967238307,-0.000812866841442883,0.00025323033332824707,0.00025323033332824707,-0.0009565090294927359,-0.0009565090294927359,-0.0005180466687306762,0.0011270645773038268,-0.0005970689817331731,0.006572213489562273,0.0063257962465286255,0.005923843011260033,0.006644072011113167,0.00822833925485611,0.0017628943314775825,0.0023487417493015528,0.0023487417493015528,-0.0021975920535624027,-0.0021975920535624027,0.003821522928774357,0.0034798234701156616,-0.002545639406889677,-0.0029249154031276703,0.003032099921256304,0.0006985976360738277,-0.0030975057743489742,-0.003007960971444845,-0.003007960971444845,-0.0007697007968090475,-0.0007697007968090475,0.0007121063536033034,0.0010112174786627293,0.00042247032979503274,-0.009139088913798332,-0.009139088913798332,0.021734269335865974
11,Exp09a: 3D Processing (Condition 1),3D Processing Index,-0.0004995595663785934,-0.21655091643333435,-0.17570100724697113,-0.22993408143520355,-0.23458057641983032,-0.2044593095779419,-0.18925991654396057,-0.135489821434021,-0.20597949624061584,-0.20597949624061584,-0.20653526484966278,-0.20653526484966278,-0.15643349289894104,-0.19823884963989258,-0.19228272140026093,-0.2312723994255066,-0.20935538411140442,-0.19853702187538147,-0.18304210901260376,-0.13986310362815857,-0.12351475656032562,-0.1686878800392151,-0.1686878800392151,-0.16709093749523163,-0.16709093749523163,-0.17578190565109253,-0.16999974846839905,-0.18686625361442566,-0.17256435751914978,-0.19376978278160095,-0.15821275115013123,-0.1350812017917633,-0.17984089255332947,-0.17984089255332947,-0.1807701289653778,-0.1807701289653778,-0.18050581216812134,-0.17081692814826965,-0.1827513873577118,-0.17841580510139465,-0.18476799130439758,-0.1572141945362091,-0.1616954803466797,-0.17872703075408936,-0.17872703075408936,-0.19898271560668945,-0.19898271560668945,-0.20638242363929749,-0.1862243115901947,-0.1704767793416977,-0.1404879093170166,-0.16112440824508667,-0.14705775678157806,-0.17816317081451416,-0.1722528040409088,-0.13961125910282135,-0.18607112765312195,-0.18607112765312195,-0.16893699765205383,-0.16893699765205383,-0.16429546475410461,-0.17666801810264587,-0.1637001782655716,-0.14255571365356445,-0.17413300275802612,-0.1581476777791977,-0.14466339349746704,-0.16955983638763428,-0.16955983638763428,-0.17029403150081635,-0.17029403150081635,-0.18315815925598145,-0.15632851421833038,-0.1527627408504486,-0.1375254988670349,-0.15990684926509857,-0.1396940052509308,-0.058623820543289185,-0.13753631711006165,-0.13753631711006165,-0.08113040030002594,-0.08113040030002594,0.134940505027771,-0.05099380761384964,-0.11255303770303726,-0.10357128828763962,-0.065031036734581,-0.08411410450935364,-0.08749862015247345,-0.05666997283697128,-0.05666997283697128,-0.08984337747097015,-0.08984337747097015,-0.0573241226375103,-0.09187527000904083,-0.10723954439163208,-0.09272398054599762,-0.044124849140644073,-0.0927775502204895,-0.055496055632829666,-0.07715931534767151,-0.05889594554901123,-0.10627736151218414,-0.10627736151218414,-0.09413067996501923,-0.09413067996501923,-0.08450411260128021,-0.10404060781002045,-0.09103606641292572,-0.0791453868150711,-0.0919194445014,-0.10885030031204224,-0.1181526780128479,-0.12163451313972473,-0.12163451313972473,-0.11042624711990356,-0.11042624711990356,-0.11315087974071503,-0.11017714440822601,-0.09146289527416229,-0.09076432883739471,-0.12822872400283813,-0.1374283730983734,-0.15049859881401062,-0.15425971150398254,-0.15425971150398254,-0.11386337876319885,-0.11386337876319885,-0.11249897629022598,-0.116834357380867,-0.09052614122629166,-0.10632609575986862,-0.12646926939487457,-0.1334819346666336,-0.14087164402008057,-0.13760599493980408,-0.13760599493980408,-0.10621051490306854,-0.10621051490306854,-0.09985195845365524,-0.10396121442317963,-0.08907248079776764,-0.11166809499263763,-0.1297265887260437,-0.1236371248960495,-0.13736560940742493,-0.13849139213562012,-0.13849139213562012,-0.12013231217861176,-0.12013231217861176,-0.12499618530273438,-0.12173286080360413,-0.08795469999313354,-0.11260014772415161,-0.13671571016311646,-0.10343536734580994,-0.10883481055498123,-0.11483070999383926,-0.11483070999383926,-0.09046535938978195,-0.09046535938978195,-0.07768820226192474,-0.06878339499235153,-0.07468131184577942,-0.09029632061719894,-0.09852199256420135,-0.097870834171772,-0.10935604572296143,-0.09234261512756348,-0.09786093980073929,-0.099896140396595,-0.099896140396595,-0.06443585455417633,-0.06443585455417633,-0.05382459983229637,-0.05116618424654007,-0.060713402926921844,-0.06580349057912827,-0.07692451775074005,-0.05321582779288292,-0.030903678387403488,-0.043275561183691025,-0.043275561183691025,-0.027544166892766953,-0.027544166892766953,-0.03194751963019371,-0.02685200423002243,-0.03321530297398567,-0.06301083415746689,-0.06301083415746689,-0.09968395531177521
12,Exp09b: 3D Processing (Condition 2),3D Processing Index,0.009546098299324512,0.023948561400175095,0.020193323493003845,0.01501047145575285,0.018348094075918198,0.026380155235528946,0.03352172672748566,0.035051118582487106,0.047256920486688614,0.047256920486688614,0.0488286055624485,0.0488286055624485,0.02956974506378174,0.03720628842711449,0.03008183091878891,0.017016984522342682,0.02270405739545822,0.0361948162317276,0.048682089895009995,0.04463189095258713,0.05386504530906677,0.05121202766895294,0.05121202766895294,0.04475937411189079,0.04475937411189079,0.047742657363414764,0.04416476935148239,0.03186552971601486,0.029299573972821236,0.03022901341319084,0.013904917053878307,0.01979094371199608,0.0075180064886808395,0.0075180064886808395,0.00531156687065959,0.00531156687065959,0.007976015098392963,0.010630328208208084,0.015589140355587006,0.01286952756345272,0.017643872648477554,-0.0029774424619972706,-0.01890229806303978,-0.013232377357780933,-0.013232377357780933,-0.014414544217288494,-0.014414544217288494,-0.021449865773320198,-0.021066607907414436,-0.007642941549420357,0.010064313188195229,0.011674443259835243,-0.0016148043796420097,-0.008978469297289848,-0.008781918324530125,-0.0017780978232622147,-0.012509467080235481,-0.012509467080235481,-0.006573441904038191,-0.006573441904038191,0.001439967192709446,-0.004849568475037813,-0.007573632523417473,0.005526481196284294,-0.0027594445273280144,-0.009199243038892746,0.00039005326107144356,-0.005488961935043335,-0.005488961935043335,-0.004526286385953426,-0.004526286385953426,-0.005093331448733807,-0.009938093833625317,-0.010822808369994164,-0.02330077439546585,-0.025417640805244446,-0.03235990181565285,-0.014221824705600739,-0.027281442657113075,-0.027281442657113075,-0.007148019503802061,-0.007148019503802061,0.05084308609366417,0.0027061940636485815,-0.00622947234660387,-0.04354505613446236,-0.01840505748987198,-0.05799151211977005,-0.09358396381139755,-0.07880467176437378,-0.07880467176437378,-0.07473257184028625,-0.07473257184028625,-0.05925554409623146,-0.07322607934474945,-0.07376382499933243,-0.0033837431110441685,0.015856198966503143,-0.09614138305187225,-0.07817280292510986,-0.0789654478430748,-0.049581803381443024,-0.05639141425490379,-0.05639141425490379,-0.05080566555261612,-0.05080566555261612,-0.05219387635588646,-0.05659106746315956,-0.06038227677345276,-0.0540165938436985,-0.05734851956367493,-0.06538662314414978,-0.05071169137954712,-0.05931796506047249,-0.05931796506047249,-0.055233534425497055,-0.055233534425497055,-0.057387080043554306,-0.06279660016298294,-0.05932880938053131,-0.06127508729696274,-0.06363584101200104,-0.06756206601858139,-0.06963875889778137,-0.06598303467035294,-0.06598303467035294,-0.055185623466968536,-0.055185623466968536,-0.05977931618690491,-0.0580754280090332,-0.05518810451030731,-0.05879467353224754,-0.05536966025829315,-0.0562814325094223,-0.058681704103946686,-0.05179055780172348,-0.05179055780172348,-0.050065696239471436,-0.050065696239471436,-0.051054686307907104,-0.050777699798345566,-0.05186671018600464,-0.06430013477802277,-0.059263039380311966,-0.05462271347641945,-0.05835409462451935,-0.058462001383304596,-0.058462001383304596,-0.04938192665576935,-0.04938192665576935,-0.047477491199970245,-0.05038496479392052,-0.048998214304447174,-0.05930134654045105,-0.05760610103607178,-0.048969946801662445,-0.04273705184459686,-0.04616246372461319,-0.04616246372461319,-0.03623121976852417,-0.03623121976852417,-0.03450365364551544,-0.03139616549015045,-0.022514669224619865,-0.029810894280672073,-0.031144000589847565,-0.02020285092294216,-0.031862031668424606,-0.03247682377696037,-0.019923675805330276,-0.02702302299439907,-0.02702302299439907,-0.021734163165092468,-0.021734163165092468,-0.019771471619606018,-0.01170949637889862,-0.016557935625314713,-0.01740841567516327,-0.02462003193795681,-0.023134177550673485,-0.01444903016090393,-0.02783108502626419,-0.02783108502626419,-0.017719648778438568,-0.017719648778438568,-0.02519550547003746,-0.01832091622054577,-0.004656390752643347,-0.028480015695095062,-0.028480015695095062,-0.018813705071806908
13,Exp10a: Occlusion Processing (Basic),Occlusion Index,-0.34441155,-0.32496893,-0.3347409,-0.33382195,-0.36910766,-0.35937682,-0.350043,-0.3898657,-0.39373016,-0.39373016,-0.38270915,-0.38270915,-0.4147257,-0.41937804,-0.3214344,-0.36556143,-0.34761685,-0.3675271,-0.37695605,-0.37470818,-0.40888095,-0.3894239,-0.3894239,-0.38532498,-0.38532498,-0.3852608,-0.37098858,-0.34830528,-0.38116777,-0.371035,-0.37362888,-0.38173413,-0.36441246,-0.36441246,-0.3549759,-0.3549759,-0.36540306,-0.35891765,-0.349514,-0.3696177,-0.36289838,-0.3597123,-0.36739558,-0.36733317,-0.36733317,-0.36187738,-0.36187738,-0.3575799,-0.35355532,-0.3536353,-0.4018517,-0.37956455,-0.37270632,-0.37559903,-0.37679684,-0.39679724,-0.38281,-0.38281,-0.37937152,-0.37937152,-0.387002,-0.382098,-0.35864908,-0.37918836,-0.37763482,-0.36495632,-0.3870855,-0.37559864,-0.37559864,-0.35952616,-0.35952616,-0.37831593,-0.37226906,-0.35579655,-0.35598582,-0.36118063,-0.34019923,-0.35120696,-0.34743652,-0.34743652,-0.340284,-0.340284,-0.34938672,-0.35000336,-0.33767357,-0.34248313,-0.35146213,-0.30913544,-0.32331154,-0.3322817,-0.3322817,-0.3305189,-0.3305189,-0.3226081,-0.32434475,-0.2926389,-0.3441338,-0.33838373,-0.289424,-0.300632,-0.31372467,-0.3205337,-0.30765948,-0.30765948,-0.31041014,-0.31041014,-0.31971347,-0.31256592,-0.2938469,-0.30566752,-0.30433145,-0.30369952,-0.32015905,-0.30971605,-0.30971605,-0.30208,-0.30208,-0.30770195,-0.29875204,-0.2873033,-0.28690356,-0.28489107,-0.29411584,-0.29057503,-0.28446513,-0.28446513,-0.27743876,-0.27743876,-0.28335056,-0.27659953,-0.26760623,-0.28523123,-0.2811774,-0.271832,-0.29066002,-0.28137872,-0.28137872,-0.2619344,-0.2619344,-0.25700155,-0.2553571,-0.25584427,-0.26085103,-0.26189345,-0.24754733,-0.26767486,-0.26288223,-0.26288223,-0.22867373,-0.22867373,-0.21583903,-0.21226285,-0.24212253,-0.24643585,-0.24984284,-0.2426053,-0.20348167,-0.20105296,-0.20105296,-0.17495841,-0.17495841,-0.1623496,-0.1594192,-0.15994868,-0.19803214,-0.19943386,-0.16367313,-0.1638704,-0.15236637,-0.1332318,-0.13688901,-0.13688901,-0.12724686,-0.12724686,-0.12775588,-0.13235988,-0.14226297,-0.1539096,-0.14659038,-0.15517524,-0.1462128,-0.14991277,-0.14991277,-0.13290247,-0.13290247,-0.13738126,-0.12191239,-0.11775999,-0.038943272,-0.038943272,0.008618401
14,Exp10b: Occlusion Processing (Depth Ordering),Occlusion Index,-0.14471006,-0.13222075,-0.15699103,-0.15229383,-0.15763322,-0.15997858,-0.15780938,-0.20052533,-0.18012843,-0.18012843,-0.16065958,-0.16065958,-0.24163787,-0.25231728,-0.12492312,-0.16813433,-0.17709902,-0.1224873,-0.14716586,-0.1386095,-0.12618272,-0.1185114,-0.1185114,-0.0958004,-0.0958004,-0.10054484,-0.09401565,-0.1007178,-0.08987422,-0.0888596,-0.089642785,-0.081370175,-0.090358436,-0.090358436,-0.08209514,-0.08209514,-0.0827637,-0.08968265,-0.09397888,-0.07672422,-0.08321117,-0.08740775,-0.091170326,-0.09658686,-0.09658686,-0.08788368,-0.08788368,-0.08803516,-0.08803599,-0.100793906,-0.13197175,-0.11716162,-0.13047968,-0.09341421,-0.10662298,-0.14798802,-0.120003775,-0.120003775,-0.11805256,-0.11805256,-0.13704443,-0.1294986,-0.09920457,-0.10113678,-0.09269643,-0.078131,-0.088445604,-0.097503565,-0.097503565,-0.07715112,-0.07715112,-0.08002144,-0.080991015,-0.08884416,-0.07144908,-0.072117805,-0.057248563,-0.07338354,-0.072459154,-0.072459154,-0.07092962,-0.07092962,-0.091894716,-0.096605875,-0.07994181,-0.10622324,-0.108023345,-0.059342623,-0.060310353,-0.059980594,-0.059980594,-0.059321836,-0.059321836,-0.04239735,-0.03683161,-0.052653335,-0.13188764,-0.13173622,-0.068699956,-0.049678426,-0.05469554,-0.069116116,-0.054495625,-0.054495625,-0.06698038,-0.06698038,-0.08315593,-0.081010945,-0.066339456,-0.07770762,-0.07887821,-0.07101343,-0.07093088,-0.07470756,-0.07470756,-0.07231993,-0.07231993,-0.06533947,-0.06549282,-0.06577779,-0.07264456,-0.07198814,-0.068760574,-0.068890125,-0.06503082,-0.06503082,-0.08236776,-0.08236776,-0.08854246,-0.08862185,-0.07648094,-0.09401938,-0.094637126,-0.09578223,-0.1170258,-0.108118236,-0.108118236,-0.07819682,-0.07819682,-0.07814576,-0.08391059,-0.086089276,-0.09429962,-0.09162377,-0.10046781,-0.14872232,-0.13943978,-0.13943978,-0.11079608,-0.11079608,-0.10943028,-0.10792069,-0.095612854,-0.10967627,-0.10192194,-0.13572532,-0.15178467,-0.13819784,-0.13819784,-0.138218,-0.138218,-0.14159974,-0.13310012,-0.12635946,-0.09630271,-0.09083585,-0.12662163,-0.116645165,-0.09980577,-0.08616409,-0.07769992,-0.07769992,-0.085579045,-0.085579045,-0.08669523,-0.08060318,-0.12828255,-0.1496396,-0.13747573,-0.16014113,-0.15923862,-0.14870769,-0.14870769,-0.14668708,-0.14668708,-0.14472383,-0.14391315,-0.15443179,-0.13076524,-0.13076524,-0.14341806
15,Exp11a: Object Parts Processing (Part Matching),Part-matching Index,0.16784030199050903,0.16869117319583893,0.16849780082702637,0.16900762915611267,0.1673462688922882,0.1648830771446228,0.1610051393508911,0.16709236800670624,0.1555868685245514,0.1555868685245514,0.15261873602867126,0.15261873602867126,0.16400942206382751,0.17066118121147156,0.16233184933662415,0.16775727272033691,0.17429232597351074,0.17035558819770813,0.15898576378822327,0.15859031677246094,0.1627994179725647,0.1581430286169052,0.1581430286169052,0.15876150131225586,0.15876150131225586,0.16006848216056824,0.1513141691684723,0.15690429508686066,0.16274163126945496,0.1479812115430832,0.1483721137046814,0.14664790034294128,0.1374351680278778,0.1374351680278778,0.13494817912578583,0.13494817912578583,0.13777849078178406,0.1303526610136032,0.14316865801811218,0.15446510910987854,0.1376674473285675,0.13592109084129333,0.15652425587177277,0.13538900017738342,0.13538900017738342,0.13856875896453857,0.13856875896453857,0.15255656838417053,0.13134196400642395,0.13395445048809052,0.15421408414840698,0.15113337337970734,0.15129008889198303,0.1368061602115631,0.1307421326637268,0.1492714285850525,0.13608664274215698,0.13608664274215698,0.13495096564292908,0.13495096564292908,0.14923283457756042,0.13964369893074036,0.13287585973739624,0.1540287882089615,0.14575307071208954,0.13119077682495117,0.1452375203371048,0.13436588644981384,0.13436588644981384,0.12501706182956696,0.12501706182956696,0.13347211480140686,0.1275612860918045,0.13067203760147095,0.13776502013206482,0.1293335258960724,0.11677586287260056,0.13606666028499603,0.12444204092025757,0.12444204092025757,0.10828453302383423,0.10828453302383423,0.11313363909721375,0.10498248040676117,0.12034406512975693,0.14066193997859955,0.13329674303531647,0.10035565495491028,0.12464150786399841,0.12376449257135391,0.12376449257135391,0.12019702792167664,0.12019702792167664,0.12924480438232422,0.11577025055885315,0.10604029893875122,0.1518721580505371,0.15120011568069458,0.12866508960723877,0.12650951743125916,0.13023173809051514,0.17336606979370117,0.1636703461408615,0.1636703461408615,0.15456876158714294,0.15456876158714294,0.1648658961057663,0.15234169363975525,0.12057344615459442,0.14671753346920013,0.14238232374191284,0.13361690938472748,0.14927507936954498,0.1486855149269104,0.1486855149269104,0.14090555906295776,0.14090555906295776,0.13390691578388214,0.13340313732624054,0.12416853755712509,0.15275874733924866,0.15006716549396515,0.13904514908790588,0.1736786663532257,0.16569401323795319,0.16569401323795319,0.13761211931705475,0.13761211931705475,0.14132516086101532,0.13655072450637817,0.129006028175354,0.1469341516494751,0.14098462462425232,0.13593895733356476,0.16093072295188904,0.15929701924324036,0.15929701924324036,0.143585205078125,0.143585205078125,0.143856018781662,0.1397031545639038,0.12743410468101501,0.1361757516860962,0.13294634222984314,0.11938828229904175,0.14066557586193085,0.13887102901935577,0.13887102901935577,0.12638607621192932,0.12638607621192932,0.1268482208251953,0.12412596493959427,0.12362243980169296,0.136561319231987,0.13221879303455353,0.12191309034824371,0.16022154688835144,0.1488381326198578,0.1488381326198578,0.13213643431663513,0.13213643431663513,0.12920959293842316,0.1236431822180748,0.11253488063812256,0.12063261866569519,0.11929666250944138,0.13330581784248352,0.13362839818000793,0.11545524001121521,0.14092156291007996,0.1417066752910614,0.1417066752910614,0.11966994404792786,0.11966994404792786,0.11574070155620575,0.11187136918306351,0.11010989546775818,0.12284384667873383,0.12010249495506287,0.10530990362167358,0.13799212872982025,0.1286506950855255,0.1286506950855255,0.08381102979183197,0.08381102979183197,0.08815564215183258,0.08186960965394974,0.09332137554883957,0.08471359312534332,0.08471359312534332,0.11984250694513321
16,Exp11b: Object Parts Processing (Part Correlations),Natural Part Advantage,-0.0002566025364852953,0.0020343485571090447,0.002401993126988078,0.0014916053251640138,0.0021627679123683574,0.0003521903595149478,-2.675349855207898e-05,0.0017218985100105888,0.0001268647202137263,0.0001268647202137263,-0.0003764834385382443,-0.0003764834385382443,0.002672017221517109,0.0025867120127547327,-0.0001363538483444282,0.0026818118270046654,0.0024209472651106623,-0.0005824560736590323,-0.0009246095802247778,-0.0010610878318476624,-0.0008225852121879207,-0.0012624931298639286,-0.0012624931298639286,-0.0016979734414571679,-0.0016979734414571679,-0.0014882910104830893,-0.002152740313699497,-0.0011025287271205775,-0.0011976362461519896,-0.0017011602858929553,-0.002081444665761656,-0.001912437612814899,-0.002304507554644175,-0.002304507554644175,-0.0020670367965315295,-0.0020670367965315295,-0.0018487267936885265,-0.0026400185089066053,-0.0018056835671562688,-0.0012754357126070204,-0.001947025881289366,-0.0017597950172855148,-0.0016799624050299888,-0.002890919494569988,-0.002890919494569988,-0.0025955146340534974,-0.0025955146340534974,-0.0016767651271974993,-0.0025142444657838547,-0.0022023609884668227,0.000721908819693029,0.00022152672754860436,0.00030372050831461994,-0.0018235303891371846,-0.0019861096630942043,-0.0020051598042393204,-0.0030647258534782784,-0.0030647258534782784,-0.003250138274363712,-0.003250138274363712,-0.002242503027879428,-0.002458508465630671,-0.00255849329161284,-0.0020855381203322976,-0.0018695629417031512,-0.0023783331857970547,-0.002501163377562232,-0.002982871087038097,-0.002982871087038097,-0.0031196037460716752,-0.0031196037460716752,-0.0027788830428630007,-0.003520155823774407,-0.002565093287615672,-0.003762104078297801,-0.0035372536393782905,-0.005043385071770712,-0.004485070895855259,-0.003997594130459081,-0.003997594130459081,-0.0034955675210072146,-0.0034955675210072146,-0.0023287691864890547,-0.0033114915008891632,-0.0021931166909110456,0.0005102026682493044,0.001544007986356899,0.0013063688989327638,0.0013096346474620324,0.00246369952338632,0.00246369952338632,0.002358392763470718,0.002358392763470718,0.004517038626339787,0.0041133154801619165,0.0032810038271826603,0.0007808764962180526,0.0010275800472830943,0.003720491362042555,0.002159595566491035,0.0017314792547161728,0.0002628542321734262,0.0004078930811134418,0.0004078930811134418,-0.0020002333191511124,-0.0020002333191511124,-0.0016142640605678604,-0.0003910585598008165,0.0013291061345708233,0.001154870812010933,0.0007126585262172691,-0.0006505209832333714,0.0007392601712887803,2.027552576866487e-05,2.027552576866487e-05,-0.0018124158643622046,-0.0018124158643622046,-0.001119283803509008,-0.0015540675227574408,0.001103704112589865,0.0024447503990245867,0.003202953257025132,0.0021039715773711887,0.001270833330032306,0.005286559232342558,0.005286559232342558,0.005603737255516883,0.005603737255516883,0.0064841583221920684,0.007608370273848308,0.003423831479347994,0.004204412848562988,0.0037458207580323144,0.00299567949991697,0.004173198200286388,0.004628082583376547,0.004628082583376547,0.007044731381822378,0.007044731381822378,0.011423296122408999,0.011428831698506503,0.004955489790275713,0.004685327731119848,0.005790528350980706,0.005688786166263227,0.0005977759964916896,0.005788849098143589,0.005788849098143589,0.0024540913049765356,0.0024540913049765356,0.0006910353772293654,0.002337106022310298,0.003897032977433934,0.0016167857942833708,0.0048818398947465536,0.0037729156586274737,-0.0052855547269532455,0.00213749445599809,0.00213749445599809,0.004099526288726674,0.004099526288726674,0.009980041914013027,0.007451602701021076,0.003858588389950235,0.009496055236212664,0.007899642093563863,-0.0002265716579160637,0.0033797116328123655,-0.0009223471383263959,-0.00894715289762904,0.000897373675555313,0.000897373675555313,-0.000817545059387248,-0.000817545059387248,-0.0015981300115783803,-8.333724349740557e-05,-0.010331989166221911,-0.016224690937500785,0.0013931588130582373,-0.05556213075880412,0.06766988737215474,0.06600690758997685,0.06600690758997685,0.06072307857499237,0.06072307857499237,0.030532280412237656,-0.01923059215832823,-0.04321575593632865,0.22867727338688204,0.22867727338688204,0.08261933953975786
17,Exp12: Global-Local Shape Processing,Global Advantage Index,0.0863904058933258,0.0735342726111412,0.0806107297539711,0.2083704173564911,0.2526112496852875,0.13155460357666016,0.10461116582155228,0.08962055295705795,0.07270634919404984,0.07270634919404984,0.07040347158908844,0.07040347158908844,0.14974988996982574,0.13901452720165253,0.057398002594709396,0.25870153307914734,0.1760639101266861,0.0733335018157959,0.058356910943984985,0.04831933602690697,0.07010684907436371,0.05628599226474762,0.05628599226474762,0.07374724000692368,0.07374724000692368,0.09018056839704514,0.053783223032951355,0.061962105333805084,0.052313949912786484,0.043708737939596176,0.04982081055641174,0.030702240765094757,0.02552160620689392,0.02552160620689392,0.05299263820052147,0.05299263820052147,0.05911991745233536,0.02945992723107338,0.05698500573635101,0.07337139546871185,0.04683685675263405,0.06223280727863312,0.1184733584523201,0.07669615745544434,0.07669615745544434,0.10919632762670517,0.10919632762670517,0.1969580054283142,0.11179865151643753,0.1075519397854805,0.243091881275177,0.18500466644763947,0.17501115798950195,0.11414344608783722,0.11779207736253738,0.18360453844070435,0.11931001394987106,0.11931001394987106,0.10550926625728607,0.10550926625728607,0.1417248547077179,0.12051428109407425,0.10178539901971817,0.13819991052150726,0.11665841192007065,0.10154768824577332,0.11801770329475403,0.10092158615589142,0.10092158615589142,0.09606020897626877,0.09606020897626877,0.1368321180343628,0.11518528312444687,0.10721417516469955,0.16071221232414246,0.1299922615289688,0.104787178337574,0.14616261422634125,0.1301274597644806,0.1301274597644806,0.11065007746219635,0.11065007746219635,0.15453705191612244,0.14399421215057373,0.11105082184076309,0.14986148476600647,0.13884122669696808,0.10821163654327393,0.22534510493278503,0.2279488891363144,0.2279488891363144,0.2104022204875946,0.2104022204875946,0.23236939311027527,0.20391616225242615,0.16540420055389404,0.3349238932132721,0.2652638554573059,0.24109278619289398,0.20662520825862885,0.20686711370944977,0.36968642473220825,0.2666064500808716,0.2666064500808716,0.2687380015850067,0.2687380015850067,0.3412535786628723,0.28659749031066895,0.19966131448745728,0.33084580302238464,0.2935355305671692,0.25018760561943054,0.35930272936820984,0.3165023624897003,0.3165023624897003,0.2721583843231201,0.2721583843231201,0.28466516733169556,0.2779228985309601,0.20628784596920013,0.25901612639427185,0.24645282328128815,0.21673254668712616,0.271511048078537,0.2584041655063629,0.2584041655063629,0.21813200414180756,0.21813200414180756,0.22207143902778625,0.21528734266757965,0.19423288106918335,0.25882238149642944,0.24206772446632385,0.20944984257221222,0.2797045111656189,0.26370659470558167,0.26370659470558167,0.2187085747718811,0.2187085747718811,0.22050900757312775,0.2141408771276474,0.1884322464466095,0.2389400750398636,0.2202295958995819,0.1869424432516098,0.241540789604187,0.2269095480442047,0.2269095480442047,0.1872023642063141,0.1872023642063141,0.18764618039131165,0.1820985972881317,0.1720939576625824,0.2088167518377304,0.19585071504116058,0.146115243434906,0.1724286824464798,0.16070933640003204,0.16070933640003204,0.13596367835998535,0.13596367835998535,0.12893514335155487,0.12118567526340485,0.11525944620370865,0.15892407298088074,0.15052606165409088,0.1554361879825592,0.1481480598449707,0.11542883515357971,0.15300673246383667,0.14453370869159698,0.14453370869159698,0.11470117419958115,0.11470117419958115,0.11227831989526749,0.10903118550777435,0.10631606727838516,0.12681671977043152,0.12034296244382858,0.10104157775640488,0.1275695562362671,0.12060123682022095,0.12060123682022095,0.0954413190484047,0.0954413190484047,0.08582321554422379,0.08122403174638748,0.09418857097625732,0.08005784451961517,0.08005784451961517,0.08283335715532303
