,patch_to_embedding,transformer_layers_0_0_fn_norm,transformer_layers_0_0_fn_fn_to_qkv,transformer_layers_0_0_fn_fn_to_out_0,transformer_layers_0_1_fn_norm,transformer_layers_0_1_fn_fn_net_0,transformer_layers_0_1_fn_fn_net_1,transformer_layers_0_1_fn_fn_net_3,transformer_layers_1_0_fn_norm,transformer_layers_1_0_fn_fn_to_qkv,transformer_layers_1_0_fn_fn_to_out_0,transformer_layers_1_1_fn_norm,transformer_layers_1_1_fn_fn_net_0,transformer_layers_1_1_fn_fn_net_1,transformer_layers_1_1_fn_fn_net_3,transformer_layers_2_0_fn_norm,transformer_layers_2_0_fn_fn_to_qkv,transformer_layers_2_0_fn_fn_to_out_0,transformer_layers_2_1_fn_norm,transformer_layers_2_1_fn_fn_net_0,transformer_layers_2_1_fn_fn_net_1,transformer_layers_2_1_fn_fn_net_3,transformer_layers_3_0_fn_norm,transformer_layers_3_0_fn_fn_to_qkv,transformer_layers_3_0_fn_fn_to_out_0,transformer_layers_3_1_fn_norm,transformer_layers_3_1_fn_fn_net_0,transformer_layers_3_1_fn_fn_net_1,transformer_layers_3_1_fn_fn_net_3,transformer_layers_4_0_fn_norm,transformer_layers_4_0_fn_fn_to_qkv,transformer_layers_4_0_fn_fn_to_out_0,transformer_layers_4_1_fn_norm,transformer_layers_4_1_fn_fn_net_0,transformer_layers_4_1_fn_fn_net_1,transformer_layers_4_1_fn_fn_net_3,transformer_layers_5_0_fn_norm,transformer_layers_5_0_fn_fn_to_qkv,transformer_layers_5_0_fn_fn_to_out_0,transformer_layers_5_1_fn_norm,transformer_layers_5_1_fn_fn_net_0,transformer_layers_5_1_fn_fn_net_1,transformer_layers_5_1_fn_fn_net_3,transformer_layers_6_0_fn_norm,transformer_layers_6_0_fn_fn_to_qkv,transformer_layers_6_0_fn_fn_to_out_0,transformer_layers_6_1_fn_norm,transformer_layers_6_1_fn_fn_net_0,transformer_layers_6_1_fn_fn_net_1,transformer_layers_6_1_fn_fn_net_3,transformer_layers_7_0_fn_norm,transformer_layers_7_0_fn_fn_to_qkv,transformer_layers_7_0_fn_fn_to_out_0,transformer_layers_7_1_fn_norm,transformer_layers_7_1_fn_fn_net_0,transformer_layers_7_1_fn_fn_net_1,transformer_layers_7_1_fn_fn_net_3,transformer_layers_8_0_fn_norm,transformer_layers_8_0_fn_fn_to_qkv,transformer_layers_8_0_fn_fn_to_out_0,transformer_layers_8_1_fn_norm,transformer_layers_8_1_fn_fn_net_0,transformer_layers_8_1_fn_fn_net_1,transformer_layers_8_1_fn_fn_net_3,transformer_layers_9_0_fn_norm,transformer_layers_9_0_fn_fn_to_qkv,transformer_layers_9_0_fn_fn_to_out_0,transformer_layers_9_1_fn_norm,transformer_layers_9_1_fn_fn_net_0,transformer_layers_9_1_fn_fn_net_1,transformer_layers_9_1_fn_fn_net_3,transformer_layers_10_0_fn_norm,transformer_layers_10_0_fn_fn_to_qkv,transformer_layers_10_0_fn_fn_to_out_0,transformer_layers_10_1_fn_norm,transformer_layers_10_1_fn_fn_net_0,transformer_layers_10_1_fn_fn_net_1,transformer_layers_10_1_fn_fn_net_3,transformer_layers_11_0_fn_norm,transformer_layers_11_0_fn_fn_to_qkv,transformer_layers_11_0_fn_fn_to_out_0,transformer_layers_11_1_fn_norm,transformer_layers_11_1_fn_fn_net_0,transformer_layers_11_1_fn_fn_net_1,transformer_layers_11_1_fn_fn_net_3,transformer_layers_12_0_fn_norm,transformer_layers_12_0_fn_fn_to_qkv,transformer_layers_12_0_fn_fn_to_out_0,transformer_layers_12_1_fn_norm,transformer_layers_12_1_fn_fn_net_0,transformer_layers_12_1_fn_fn_net_1,transformer_layers_12_1_fn_fn_net_3,transformer_layers_13_0_fn_norm,transformer_layers_13_0_fn_fn_to_qkv,transformer_layers_13_0_fn_fn_to_out_0,transformer_layers_13_1_fn_norm,transformer_layers_13_1_fn_fn_net_0,transformer_layers_13_1_fn_fn_net_1,transformer_layers_13_1_fn_fn_net_3,transformer_layers_14_0_fn_norm,transformer_layers_14_0_fn_fn_to_qkv,transformer_layers_14_0_fn_fn_to_out_0,transformer_layers_14_1_fn_norm,transformer_layers_14_1_fn_fn_net_0,transformer_layers_14_1_fn_fn_net_1,transformer_layers_14_1_fn_fn_net_3,transformer_layers_15_0_fn_norm,transformer_layers_15_0_fn_fn_to_qkv,transformer_layers_15_0_fn_fn_to_out_0,transformer_layers_15_1_fn_norm,transformer_layers_15_1_fn_fn_net_0,transformer_layers_15_1_fn_fn_net_1,transformer_layers_15_1_fn_fn_net_3,transformer_layers_16_0_fn_norm,transformer_layers_16_0_fn_fn_to_qkv,transformer_layers_16_0_fn_fn_to_out_0,transformer_layers_16_1_fn_norm,transformer_layers_16_1_fn_fn_net_0,transformer_layers_16_1_fn_fn_net_1,transformer_layers_16_1_fn_fn_net_3,transformer_layers_17_0_fn_norm,transformer_layers_17_0_fn_fn_to_qkv,transformer_layers_17_0_fn_fn_to_out_0,transformer_layers_17_1_fn_norm,transformer_layers_17_1_fn_fn_net_0,transformer_layers_17_1_fn_fn_net_1,transformer_layers_17_1_fn_fn_net_3,transformer_layers_18_0_fn_norm,transformer_layers_18_0_fn_fn_to_qkv,transformer_layers_18_0_fn_fn_to_out_0,transformer_layers_18_1_fn_norm,transformer_layers_18_1_fn_fn_net_0,transformer_layers_18_1_fn_fn_net_1,transformer_layers_18_1_fn_fn_net_3,transformer_layers_19_0_fn_norm,transformer_layers_19_0_fn_fn_to_qkv,transformer_layers_19_0_fn_fn_to_out_0,transformer_layers_19_1_fn_norm,transformer_layers_19_1_fn_fn_net_0,transformer_layers_19_1_fn_fn_net_1,transformer_layers_19_1_fn_fn_net_3,to_latent,mlp_head_0
1,6.543968629557639e-06,-0.0034175984359535506,-0.0038312083546770737,-0.23298943974077702,-0.03548697060905397,-0.022756283497437836,-0.020653433044208212,-0.016166857280768453,-0.0366643606685102,-0.044419644959270956,-0.09268057141453027,-0.03137561967596412,-0.03179798172786832,-0.041409316938370466,-0.058150966092944144,-0.04012941839173436,-0.04299767278134823,-0.05615871537011117,-0.04594894098117948,-0.046066876873373984,-0.06091842707246542,-0.08891473729163409,-0.037314681056886914,-0.05744984894990921,-0.10925082638859748,-0.05280538285151124,-0.0485378704033792,-0.12129681520164012,-0.13397158309817314,-0.06924872696399689,-0.08433051742613315,0.20273605585098267,-0.063311686553061,-0.04501794753596187,-0.055008739209733905,-0.06530872674193233,-0.05974582736380398,-0.08031179867684841,-0.22340386919677258,-0.07126632775180042,-0.04273415580391884,-0.07806728379800916,-0.0697289093863219,-0.06727666857186705,-0.07553683705627919,0.02593301406595856,-0.05494073450099677,-0.021155137475579976,-0.022324878140352666,0.00985367582179606,-0.050036805216223,-0.04977803339716047,0.2276077650487423,-0.03641695091500878,0.013277726987507777,0.04285199634359742,0.07592332862550392,-0.03161185296194162,-0.01734023654134944,0.03248395625851117,-0.027832362300250678,0.02263749100966379,0.01569810907822102,0.026643516396143242,-0.023930239002220334,-0.004498778469860553,0.33083213195204736,-0.010318033368093893,0.030571916449116544,0.05774475325997628,0.07001801757141948,-0.009012788965083018,0.019366201529737736,0.3853972375392914,0.004587135947076604,0.047461314243264496,0.05042354866163805,0.054431592230685055,0.0022125784307718277,0.03720633117482066,0.2852091006934643,0.007857973396312445,0.04471603301644791,0.09821766391396522,0.11217843490303495,0.008370591921266168,0.04615326387574896,0.2791222775354981,0.01687565281026764,0.04990228794049471,0.07643553637899458,0.08770602301228791,0.020015384472208096,0.04406294310465455,0.15062344623729587,0.02084514210000634,0.05406739821191877,0.09992614943766967,0.11220848679076881,0.01926987737242598,0.05242706264834851,0.2197790389880538,0.02140260017476976,0.04413611856289208,0.04342408737866208,0.04050060459412634,0.015775556088192387,0.041962089110165836,0.05122857230016962,0.014938404872373212,0.03575240366626531,0.007244885386899114,-0.01788228575605899,0.04347128964727744,0.049382403236813845,0.16620942633599042,0.0425672524375841,0.06593718510121108,0.06120317636523396,0.02837869985960424,0.06349330784287303,0.0652033424586989,0.054100615798961374,0.06534362505190075,0.08347796639427543,0.09902077203150839,0.09232243788428604,0.08449707049876451,0.091120027564466,0.13121966691687703,0.08545239623636007,0.09974099146784283,0.08177020579460077,0.07487675510346889,0.10439841367769986,0.10514046219177545,0.13595969472662545,0.10982911670580506,0.12186723938211799,0.09491643942892551,0.10207464802078903,0.18123514275066555,0.1769468443468213
2,0.0011276663234457375,0.001602570039103739,0.001460846113768639,0.07735618056030943,0.011118192763533444,0.007318171838414855,0.012303599102888257,0.011976463226601482,0.0071312752919038755,0.00829764577851165,0.08890921846264974,0.0074284931819420304,0.005027859786932823,0.008337214259663597,0.011582688400521875,0.004855995643811184,0.004058125361334533,0.0394204253598582,0.005338846816739533,0.004447961271944223,0.0077386507960909515,0.006733723583165556,0.00445635720709106,0.004910992502555018,0.011333673686749535,0.005011255998397246,0.004939311356283724,0.006541986097945482,0.007479643962433329,0.005751568228006363,0.008051676334962394,0.02706018750090152,0.005852792005171068,0.007192168601686717,0.007822242541587912,0.006933987542288378,0.005427647714677733,0.0036373427789658306,0.01991936871956568,0.005867132144339848,0.0038199074286967517,0.005546625934366603,0.00259834259559284,0.005102627541637048,0.0007111841806909069,-0.008167277691172785,0.00435946361409151,-0.00021887626149691642,-0.0004706736939260736,-0.002687761994311586,0.003939810621086508,0.00031453336938284336,0.023830022510665003,0.003296364253037609,0.001870613672363106,0.00028199876891449094,-0.0006939133781997953,0.0029154457554614057,-0.0034532711244537493,-0.04321013582928572,-0.0021100599723285996,-0.006454369768580364,-0.00978076945481007,-0.013790078236488625,-0.0025816021600621754,-0.007386731856968254,0.05552189144305885,-0.002493354528633063,-0.006553546682407613,-0.00547341666650027,-0.009572327493515331,-0.0030502161430194974,-0.008763336659758352,0.0007060012058354914,-0.004348427477816585,-0.009205122810672038,-0.00802028869627975,-0.009508817220339551,-0.005130863256617886,-0.012648393779236357,0.14566720986738801,-0.0034335270275914808,-0.004005615703936201,-0.005355921139125712,-0.008021287677001965,-0.003591934978030622,-0.0075379322143271565,0.07938612611935242,-0.0023429850590764544,-0.0010462819749955088,-0.0038589868193957956,-0.011489329590694979,-0.0018496002425672487,-0.00605051125632599,0.13186947566107846,0.00043033161859057145,0.004701046896516345,-0.0004499248444335535,-0.004177167702582665,-7.237255093059503e-05,-0.0021557922614738345,0.09068889845511877,0.001907174666339415,0.007186105673899874,0.0003167688476969488,-0.0028262326476396994,0.003198636572342366,0.0010895216834524036,0.07150729540502652,0.004909905093372799,0.012250994731439278,0.0015680397194228134,-0.009132757912066154,0.007177166061010212,0.006005574922164669,0.06978505335515366,0.009775771447457372,0.020150049575604498,0.0064935639826580885,-0.007284537220839411,0.01368390673167596,0.01610575314494781,0.13081909324042498,0.017835500053151918,0.04201764333876781,0.033042720118537545,0.019905542003689335,0.025953578976914287,0.028142321900231762,0.10525542960502207,0.02922790974378586,0.05047236789221642,0.050710305155662355,0.04647997480584309,0.045792356477177235,0.04757333841407672,0.16942143443971872,0.053993199341057334,0.05869710699582356,0.05041145385825075,0.05152437638258561,0.3720624771370785,0.37042101757600904
3,"[{'c_top5_acc_mean': 0.0, 'c_top5_acc_se': 0.0, 'c_top1_acc_mean': 0.0, 'c_top1_acc_se': 0.0, 'i_top5_acc_mean': 0.0, 'i_top5_acc_se': 0.0, 'i_top1_acc_mean': 0.0, 'i_top1_acc_se': 0.0}]",,,,,,,,,,,,,,,,,,,,,,,,,,,,,,,,,,,,,,,,,,,,,,,,,,,,,,,,,,,,,,,,,,,,,,,,,,,,,,,,,,,,,,,,,,,,,,,,,,,,,,,,,,,,,,,,,,,,,,,,,,,,,,,,,,,,,,,,,,,,,,
4,"[nan, nan]","[nan, nan]","[nan, nan]","[nan, nan]","[nan, nan]","[nan, nan]","[nan, nan]","[nan, nan]","[nan, nan]","[nan, nan]","[nan, nan]","[nan, nan]","[nan, nan]","[nan, nan]","[nan, nan]","[nan, nan]","[nan, nan]","[nan, nan]","[nan, nan]","[nan, nan]","[nan, nan]","[nan, nan]","[nan, nan]","[nan, nan]","[nan, nan]","[nan, nan]","[nan, nan]","[nan, nan]","[nan, nan]","[nan, nan]","[nan, nan]","[nan, nan]","[nan, nan]","[nan, nan]","[nan, nan]","[nan, nan]","[nan, nan]","[nan, nan]","[nan, nan]","[nan, nan]","[nan, nan]","[nan, nan]","[nan, nan]","[nan, nan]","[nan, nan]","[nan, nan]","[nan, nan]","[nan, nan]","[nan, nan]","[nan, nan]","[nan, nan]","[nan, nan]","[nan, nan]","[nan, nan]","[nan, nan]","[nan, nan]","[nan, nan]","[nan, nan]","[nan, nan]","[nan, nan]","[nan, nan]","[nan, nan]","[nan, nan]","[nan, nan]","[nan, nan]","[nan, nan]","[nan, nan]","[nan, nan]","[nan, nan]","[nan, nan]","[nan, nan]","[nan, nan]","[nan, nan]","[nan, nan]","[nan, nan]","[nan, nan]","[nan, nan]","[nan, nan]","[nan, nan]","[nan, nan]","[nan, nan]","[nan, nan]","[nan, nan]","[nan, nan]","[nan, nan]","[nan, nan]","[nan, nan]","[nan, nan]","[nan, nan]","[nan, nan]","[nan, nan]","[nan, nan]","[nan, nan]","[nan, nan]","[nan, nan]","[nan, nan]","[nan, nan]","[nan, nan]","[nan, nan]","[nan, nan]","[nan, nan]","[nan, nan]","[nan, nan]","[nan, nan]","[nan, nan]","[nan, nan]","[nan, nan]","[nan, nan]","[nan, nan]","[nan, nan]","[nan, nan]","[nan, nan]","[nan, nan]","[nan, nan]","[nan, nan]","[nan, nan]","[nan, nan]","[nan, nan]","[nan, nan]","[nan, nan]","[nan, nan]","[nan, nan]","[nan, nan]","[nan, nan]","[nan, nan]","[nan, nan]","[nan, nan]","[nan, nan]","[nan, nan]","[nan, nan]","[nan, nan]","[nan, nan]","[nan, nan]","[nan, nan]","[nan, nan]","[nan, nan]","[nan, nan]","[nan, nan]","[nan, nan]","[nan, nan]","[nan, nan]","[nan, nan]","[nan, nan]"
5,"[0.5063762503525415, 0.034148426228795964]","[0.5086197110805839, 0.034791111241682215]","[0.5114278568719259, 0.006403057047504025]","[0.2830243103533688, 0.022512491025183993]","[0.2895353974743131, 0.005802010385676728]","[0.3134872067535537, 0.003640965471369053]","[0.4204135858751551, 0.22035458584831874]","[0.2895018696051805, 0.026503786945141786]","[0.31092458429278713, 0.01200341062978955]","[0.3446815980611503, 0.036934183262757936]","[0.28712666114904, 0.0027257355445217697]","[0.26739996909432184, 0.02022336942147242]","[0.27782451192637103, 0.02746846696946518]","[0.35351605435254585, 0.2306360473090387]","[0.2658050442263831, 0.020961637414649403]","[0.24145049079207595, 0.01733675647739655]","[0.25628960356726854, 0.01495160789812317]","[0.1793134648937546, 0.00880244519626966]","[0.20092662186503457, 0.017877697000128107]","[0.1973009082969545, 0.03312350313714365]","[0.3165420650007412, 0.268525935491078]","[0.22909735104163279, 0.004190361734501832]","[0.20361354561969633, 0.012949581038577327]","[0.22471289035332284, 0.002258817828611483]","[0.21709129097760527, -0.001422691318796796]","[0.2068284042728222, 0.008435039280351712]","[0.18153370434825605, 0.009275261888530804]","[0.2792529674176041, 0.25781942660573326]","[0.18128068092911007, 0.014849840815045515]","[0.20671462096028947, 0.008136476861139191]","[0.20118804841453292, 0.010687821238858761]","[0.08148772221143985, 0.04996858336048854]","[0.18880100547173612, 0.013771602646682625]","[0.17056092918690535, 0.0130560906994526]","[0.2527457281462478, 0.2524447875041913]","[0.17289260437421838, 0.008537765938168738]","[0.1911458842468675, 0.012097511412804456]","[0.1884336275498191, 0.005737362094253577]","[0.1179798662155091, 0.005503908421497044]","[0.16543039015401345, 0.0073350745873339285]","[0.15052784416862813, 0.0056902564032174545]","[0.26579928538761505, 0.25277561022685807]","[0.15842782433678826, 0.005891207353739433]","[0.1629066968772224, 0.014491338792836034]","[0.17503879743546968, 0.00541439307355746]","[0.10017082159038139, 0.001731702326301363]","[0.14407110314691873, 0.014260844037731254]","[0.14179206867747918, 0.003815143230610451]","[0.2581583997478714, 0.26358805105564764]","[0.15318522095818338, 0.015431576600432555]","[0.1421260969571523, 0.009060501829374151]","[0.14428236241913742, 0.004519027766522314]","[0.12472715414816271, 0.030761075410576766]","[0.14131829963806644, 0.012208624462971574]","[0.15445437327618852, 0.005821387990137173]","[0.2584662907816748, 0.2756100695863557]","[0.13794610525193374, 0.021470935638410543]","[0.14105682402851016, 0.013720347072568478]","[0.13846946206736296, 0.010230846165011727]","[0.16462086187837466, 0.03957222049409184]","[0.14902047448266195, 0.011747084358691021]","[0.14650735624310382, 0.015440632755596255]","[0.25195539875640605, 0.31161304982180654]","[0.1202186080221698, 0.012768561566720776]","[0.14898239512419295, 0.008989424992708323]","[0.12360027145730199, 0.007200844119303658]","[0.11671190464658451, 0.0152688279084696]","[0.1499313262548405, 0.009419665296171111]","[0.1506403181453103, 0.01585758007186392]","[0.2558300078592385, 0.30296609887586723]","[0.1230121521781533, 0.01746784265506199]","[0.14146847014794292, 0.007189594272202393]","[0.13037934323974076, 0.010990496605493373]","[0.08586216009016434, 0.01381782186597329]","[0.12993089889205078, 0.008152275725428083]","[0.13372384488278893, 0.022372149829046374]","[0.21442118035305308, 0.34176695676080393]","[0.11269686077321817, 0.027866273896703014]","[0.12818778772821998, 0.013569989510791549]","[0.11947259949242198, 0.021908472042651894]","[0.04493152012918701, 0.004563595039257604]","[0.12391187134836583, 0.017182529856606392]","[0.14197476291059258, 0.01545852434977844]","[0.2058139572282423, 0.33305352371331376]","[0.08961008663321014, 0.02335278303325397]","[0.12189489884605537, 0.018712027399132733]","[0.10655170051008751, 0.01934561510579917]","[0.051554550358754156, 0.032173640365453685]","[0.11193639434399366, 0.01928067746180298]","[0.13890643355728097, 0.016314828516537688]","[0.19232578020879348, 0.33520308608143073]","[0.09573659888968375, 0.023532205229844307]","[0.11111655855420136, 0.016153867368573358]","[0.1028623435174014, 0.020597895664687494]","[0.06823715005083042, 0.03860084603968118]","[0.10982029739396139, 0.01711169212850561]","[0.12350951670489735, 0.01453127242584135]","[0.18309918210052803, 0.31624487935086776]","[0.09968256159532349, 0.02522851287717521]","[0.10828757100318159, 0.013816444502232784]","[0.09417702123080146, 0.011411004815693444]","[0.039951807992441815, 0.029859507569109867]","[0.10563390991010009, 0.01128844512582443]","[0.10905578638739333, 0.006413555236304008]","[0.18611479964220942, 0.31274378971045586]","[0.09964690116672578, 0.017370447162981]","[0.10210843966062941, 0.01183591233440632]","[0.09976365285064583, 0.014735125837176118]","[0.06139628852364915, 0.02078449543229394]","[0.10409230162327013, 0.013567715925108009]","[0.11327786254626421, 0.013147122991342651]","[0.17583361710093404, 0.29107812096615204]","[0.1005017605249804, 0.016245422637218315]","[0.10328147842665104, 0.0128433094097076]","[0.09562642907253674, 0.01676954195791388]","[0.06774300993668864, 0.017356911248702506]","[0.10092972318670353, 0.012834582899221274]","[0.10978644873886513, 0.01371713142887489]","[0.18562291958476684, 0.2780461963072429]","[0.10620016270894639, 0.0204879111038632]","[0.10279952977680615, 0.014288636830762425]","[0.09912615972672048, 0.013612182331386231]","[0.08210003614538816, -0.011728625939087925]","[0.10207063937830946, 0.013960710831781603]","[0.09912702161926293, 0.011220358197472188]","[0.20810590149483857, 0.2642228217512592]","[0.09562568967921252, 0.020941912935104067]","[0.09921970399597957, 0.015440367782000463]","[0.10233998995039296, 0.020138487056174548]","[0.06967633877626414, -0.009584483596904364]","[0.09769306900728104, 0.015425588413384577]","[0.09027531264297257, 0.011337872297995906]","[0.22827884995358658, 0.28575038313872503]","[0.10988689872907884, 0.016978587040584348]","[0.08938291378801229, 0.01921825708940907]","[0.09778382412401562, 0.015449318416386856]","[0.04806981887645306, -0.005746117403804728]","[0.07742935515132601, 0.01483995147474926]","[0.09977149135237916, 0.011474399693949238]","[0.23046653288926391, 0.27979722150053465]","[0.0903786411689807, 0.02114597822242248]","[0.04185908623207979, 0.017944499422696936]","[0.023313469054301095, -0.0033024882422871826]"
6,0.07260456750467165,0.07544289644174279,0.07505493388081153,0.2001481050759796,0.080680384873553,0.07328759542392382,0.08067857318256616,0.07481218134857393,0.07455793591564153,0.07594902362054906,0.13345046547686606,0.07668469694093227,0.06871193142239207,0.05396984242548003,0.058664731144249804,0.07753311805395607,0.08535311132638229,0.18935460843204965,0.07349886707025388,0.06893208536118312,0.06915404768823652,0.06036326726578417,0.08657539535679992,0.08961655796959478,0.08546098711019873,0.08402205580314476,0.08114956375938137,0.08679819157907448,0.08155610932950214,0.08191359913199087,0.06034036072961024,0.1596204359683499,0.08416758343294106,0.0846896587615103,0.09433975364697061,0.1121662351535545,0.07751428176090452,0.05732360028403316,0.05919691064782162,0.0759748893903679,0.06935622389709983,0.07252400398130532,0.07879009275224624,0.07436816272976321,0.04416782301356431,0.12759303208329992,0.07603448295458864,0.0662229093355946,0.0927431873741531,0.08632328599446079,0.07060842163374564,0.04730153367238882,0.17883262799976368,0.07458732083181274,0.06833188121430905,0.09050852955930844,0.10156902433921935,0.0727672700692279,0.04653449917101293,0.09148573469126546,0.07021521290031496,0.05430953811851036,0.06321455946209059,0.05733322451859285,0.06555684274103157,0.03481987747703502,0.11398811451075581,0.0677190077548469,0.057559565010995795,0.07382331588341132,0.076372345956252,0.05874712036226726,0.03749652961311059,0.06586363497583494,0.05870795027741904,0.052763668306861605,0.08020614173119692,0.07949050575351152,0.052998468389982095,0.03559575127747064,0.0962419664633372,0.05455600196843663,0.043434372928325776,0.06388282907728374,0.05444481879413804,0.04900562817693446,0.037921947716983095,0.05965986544006441,0.05075790708046052,0.05464818390934384,0.0819809072368188,0.08109203237247439,0.04430529141118528,0.027465642229107967,0.09359647911607044,0.043854828521800004,0.046283856747104446,0.08816990720569035,0.09708137429149022,0.0317452672371194,0.012984437616112454,0.07954287311465205,0.0326279091553382,0.03486681390616425,0.09660799001139186,0.08321602259078192,0.032071974612307735,0.02460658919811548,0.09581929460543796,0.033129684616541644,0.038178911298812374,0.0765787144891753,0.05600619909273835,0.03177691193299212,0.029690610622476993,0.10688016993320162,0.03186042876778955,0.04450720720946,0.05165077791695005,0.022223959968238782,0.039090855067291735,0.0425103221900715,0.12099994021499128,0.04135878075875338,0.057967223275645324,0.05354112406210648,0.03173375607978024,0.05142614897511186,0.048543588268971455,0.11928553347358448,0.053016289279056494,0.06330020549555312,0.04829832030614306,0.03445703276087647,0.06819927718610483,0.061556389516114196,0.08251553834426428,0.06867950748461879,0.070454692473396,0.07083634371773573,0.07547682086324911,0.08680285008220975,0.0861859643684515
7,0.005457232240587473,0.003938935697078705,0.005830049514770508,0.0037536099553108215,-0.004300775937736034,0.011705941520631313,0.006595485843718052,0.022592009976506233,0.003755645826458931,0.011521443724632263,0.031149934977293015,0.022201528772711754,0.024264616891741753,0.020907646045088768,0.04383004084229469,0.024751223623752594,0.02834293618798256,0.04869944229722023,0.0225799772888422,0.02193676494061947,0.018712693825364113,0.02739633247256279,0.025826212018728256,0.022994045168161392,0.03572976589202881,0.024396363645792007,0.018845422193408012,0.01554492674767971,0.02238628640770912,0.019460126757621765,0.019789395853877068,0.03574037551879883,0.021745476871728897,0.014535370282828808,0.012978657148778439,0.014340614899992943,0.01822502538561821,0.013971005566418171,0.009956752881407738,0.013819729909300804,0.005522517953068018,0.004259120672941208,0.007605536375194788,0.01130115706473589,0.004186817444860935,0.005467409733682871,0.01133989728987217,0.0038306917995214462,0.003064771881327033,0.003353432985022664,0.007341885473579168,0.0009262054227292538,0.009974243119359016,0.007253581192344427,0.009481091983616352,0.007933225482702255,0.012505755759775639,0.007337045390158892,0.0034372806549072266,0.00035336881410330534,0.000986714381724596,-0.0023957230150699615,-0.003111450467258692,-0.002454762114211917,0.004119192250072956,0.00010948932322207838,0.0049126711674034595,0.003022340824827552,0.0015507923671975732,-0.0007018695469014347,-0.0011111312778666615,0.004406139254570007,0.0006658119964413345,0.013713342137634754,0.0027850826736539602,0.002727531362324953,-0.0007814131677150726,0.000907878449652344,0.0027181319892406464,0.00017487046716269106,-0.0002481814590282738,0.0016832939581945539,0.0028764079324901104,0.0007838765159249306,0.00010154272604268044,0.0003364894655533135,-0.001476461999118328,0.01669025421142578,0.003491712501272559,0.0031695447396486998,-0.001113429432734847,-0.0022621818352490664,0.0023189960047602654,0.0016653758939355612,0.02221542038023472,0.00021044550521764904,0.004643493797630072,0.0012380897533148527,0.002948676934465766,0.00204840418882668,0.0006790116894990206,0.00607956200838089,0.0032258210703730583,0.006937107536941767,0.0006550716352649033,0.0009126476943492889,0.0013010911643505096,0.0028403073083609343,0.021216319873929024,0.0025291608180850744,0.008318784646689892,-0.002454807749018073,-0.0029789728578180075,0.0006251080776564777,0.001306057209149003,0.02849387377500534,0.0007494802703149617,0.00882906373590231,0.003644350217655301,-0.0013602988328784704,0.0021179807372391224,0.0020933363121002913,0.007279194425791502,0.0016332675004377961,0.008669298142194748,-0.002994182985275984,-0.0038905811961740255,-6.691885209875181e-05,-0.0015681933145970106,0.011982356198132038,-0.0014226734638214111,0.006958570796996355,-0.005439858417958021,0.0023314589634537697,-0.0033665497321635485,0.0026931932661682367,-0.011182957328855991,-0.0036163178738206625,0.004392883274704218,-0.009685827419161797,-0.0074289292097091675,-0.027244679629802704,-0.04404996335506439
8,0.0008738682372495532,0.0008182514575310051,0.019121993333101273,0.01019208412617445,0.0026382985524833202,0.0029099327512085438,-0.0012138449819758534,-0.0152923334389925,-0.0017637225100770593,0.0027477839030325413,-0.018144622445106506,-0.007589817047119141,0.0013355257688090205,0.002409709384664893,0.0007880982011556625,0.0036793570034205914,0.0007130029844120145,-0.0035645468160510063,-0.0013140104711055756,-0.0011493321508169174,-0.0010328528005629778,0.007360563613474369,-0.0007659700931981206,0.0010844673961400986,0.007100383751094341,7.066592661431059e-05,0.0010948856361210346,0.001756858779117465,0.016178611665964127,-0.0002668540400918573,0.003111334517598152,0.026917530223727226,0.0033582798205316067,0.00530287204310298,0.005031450651586056,0.006205765996128321,0.00206050556153059,0.0017179928254336119,0.005338386166840792,0.0037202562671154737,0.002965356456115842,0.0040506282821297646,0.002510145539417863,0.004944705404341221,0.00374805461615324,0.017914747819304466,0.004962580744177103,0.006401129998266697,0.008598984219133854,0.00804969947785139,0.007371771614998579,0.008186125196516514,0.025008371099829674,0.006866054609417915,0.003945915959775448,0.006751769222319126,0.010471651330590248,0.007863215170800686,0.010856798849999905,0.03371291235089302,0.010415581986308098,0.0050914231687784195,0.008822699077427387,0.0075180488638579845,0.00985534954816103,0.008792531676590443,0.019052451476454735,0.006784819532185793,0.004493897780776024,0.007560740225017071,0.001962492475286126,0.007788566406816244,0.007633974310010672,0.024083539843559265,0.007747471798211336,0.004515333101153374,0.00968012772500515,0.011549286544322968,0.007469245698302984,0.01160062849521637,0.019968371838331223,0.007902144454419613,0.009226453490555286,0.009186239913105965,0.011635164730250835,0.0078537343069911,0.010947720147669315,0.029571907594799995,0.011125975288450718,0.0061522298492491245,0.009236830286681652,0.010923445224761963,0.007031325716525316,0.008179355412721634,0.030848797410726547,0.005900860298424959,0.004495009779930115,0.006234342232346535,0.011159557849168777,0.007457206957042217,0.008859289810061455,0.013336590491235256,0.008735164068639278,0.0046907709911465645,0.009750768542289734,0.012417985126376152,0.006764773745089769,0.0096885422244668,0.027086401358246803,0.00869798194617033,0.004058673977851868,0.004959489218890667,0.009917685762047768,0.009603695943951607,0.010001379996538162,0.04109399393200874,0.010258420370519161,0.0022259284742176533,0.008233701810240746,0.013550574891269207,0.007532700430601835,0.009053896181285381,0.025556225329637527,0.010668041184544563,0.00046988556277938187,0.0015077072894200683,0.007337239570915699,0.006268095690757036,0.008753560483455658,0.01668456941843033,0.0057502808049321175,0.0017783369403332472,0.012763535603880882,-0.004479498602449894,0.006997097283601761,0.004571916535496712,0.03989430516958237,0.011910470202565193,0.0025353198871016502,0.00914152804762125,0.013545956462621689,0.047501564025878906,0.010578133165836334
9,"[-0.006472250912338495, 0.0029773032292723656]","[-0.009445608593523502, -0.0006631735013797879]","[-0.008029509335756302, 0.0006537602748721838]","[0.01615854725241661, 0.009591814130544662]","[-0.002580666448920965, 0.0019367041531950235]","[-0.005335502326488495, 0.0016718644183129072]","[-0.0014145313762128353, 0.003409583354368806]","[0.0006677061319351196, 0.0066272905096411705]","[-0.0059064943343400955, 0.0020718423184007406]","[-0.004405065439641476, 0.0036012441851198673]","[0.010176840238273144, 0.006347944959998131]","[-0.0067366971634328365, 0.0018985425122082233]","[-0.007023818790912628, 0.0026918556541204453]","[-0.004099334590137005, 0.00360955111682415]","[-0.003314938861876726, 0.005384787917137146]","[-0.009834613651037216, 0.00314852362498641]","[-0.00955805741250515, 0.004247050732374191]","[0.004879808984696865, 0.009929191321134567]","[-0.00935223326086998, 0.0030562293250113726]","[-0.009741242974996567, 0.0033747984562069178]","[-0.006895825266838074, 0.003872666973620653]","[-0.009763259440660477, 0.0025101492647081614]","[-0.013144184835255146, 0.005021011922508478]","[-0.018060747534036636, 0.00697237066924572]","[-0.005203919485211372, 0.004984843544661999]","[-0.012065249495208263, 0.004515004809945822]","[-0.013517280109226704, 0.004874253645539284]","[-0.010011421516537666, 0.004700078163295984]","[-0.009369813837110996, 0.004806320648640394]","[-0.014789248816668987, 0.0050391582772135735]","[-0.018337689340114594, 0.005694794002920389]","[0.005989767611026764, 0.016264868900179863]","[-0.013533798046410084, 0.005155683495104313]","[-0.012007331475615501, 0.005467554554343224]","[-0.012386774644255638, 0.0057201380841434]","[-0.01439397782087326, 0.006379201076924801]","[-0.012168936431407928, 0.004974075127393007]","[-0.01180459838360548, 0.0059890951961278915]","[-0.006647337693721056, 0.004786956589668989]","[-0.010674698278307915, 0.0052011944353580475]","[-0.008504427038133144, 0.005709254182875156]","[-0.012392517179250717, 0.005145365372300148]","[-0.011379821226000786, 0.00574246421456337]","[-0.009411230683326721, 0.005188704933971167]","[-0.009792158380150795, 0.00618854071944952]","[0.008994484320282936, 0.011118116788566113]","[-0.007142707239836454, 0.005762551911175251]","[-0.0026238281279802322, 0.006910128518939018]","[-0.003728538751602173, 0.007241476327180862]","[-0.0030225939117372036, 0.008122659288346767]","[-0.005752811674028635, 0.006039251573383808]","[-0.004757388960570097, 0.006532595492899418]","[0.005704834125936031, 0.011875228025019169]","[-0.004907251335680485, 0.0063745807856321335]","[-0.0008042780682444572, 0.008000697940587997]","[-0.00048564840108156204, 0.007000001147389412]","[0.00210062088444829, 0.005975758656859398]","[-0.004523527808487415, 0.0064486050978302956]","[-0.002322012558579445, 0.00759466364979744]","[0.00921361893415451, 0.015248826704919338]","[-0.0039536720141768456, 0.007126376964151859]","[4.1233375668525696e-05, 0.008628389798104763]","[0.00042832642793655396, 0.008345012553036213]","[0.000836322084069252, 0.008409467525780201]","[-0.0036434801295399666, 0.007066200952976942]","[-0.0020269490778446198, 0.007591891102492809]","[0.011497266590595245, 0.014777282252907753]","[-0.0033337371423840523, 0.00735785998404026]","[0.0007418440654873848, 0.009020814672112465]","[0.00352528877556324, 0.00923416018486023]","[0.004123989958316088, 0.009526887908577919]","[-0.003282229881733656, 0.0074576628394424915]","[-0.0007628779858350754, 0.008269105106592178]","[0.017471488565206528, 0.021003499627113342]","[-0.0020684758201241493, 0.00822148472070694]","[0.0016789557412266731, 0.010363612323999405]","[0.006259265821427107, 0.011369751766324043]","[0.007133502047508955, 0.011905301362276077]","[-0.0026108305901288986, 0.008583392947912216]","[0.000845467671751976, 0.009804962202906609]","[0.013419980183243752, 0.013333650305867195]","[-0.0018609669059515, 0.008602216839790344]","[3.725104033946991e-05, 0.009697837755084038]","[0.003857011441141367, 0.010279873386025429]","[0.002641616389155388, 0.010586030781269073]","[-0.002058853395283222, 0.008812136948108673]","[0.0008153049275279045, 0.009871390648186207]","[0.008459113538265228, 0.01424309890717268]","[-0.0018218886107206345, 0.008827345445752144]","[-0.0006161034107208252, 0.009767139330506325]","[0.0026301173493266106, 0.010407326743006706]","[-0.00020927097648382187, 0.010213405825197697]","[-0.0009995810687541962, 0.009557785466313362]","[0.0010329224169254303, 0.009892885573208332]","[0.014196091331541538, 0.014680714346468449]","[-0.0008168518543243408, 0.00949050858616829]","[-0.0005567567422986031, 0.009791349060833454]","[0.004384225234389305, 0.010542490519583225]","[0.00437902519479394, 0.010887496173381805]","[-0.0018410906195640564, 0.00972811784595251]","[-0.0005729999393224716, 0.009805388748645782]","[0.0026781978085637093, 0.010846734046936035]","[-0.001375432126224041, 0.009483074769377708]","[-0.0022795554250478745, 0.00977969728410244]","[0.00548546714708209, 0.00997179001569748]","[0.005320224445313215, 0.010293605737388134]","[-0.0020529436878859997, 0.010028965771198273]","[1.89831480383873e-05, 0.010592848062515259]","[0.012787828221917152, 0.018181389197707176]","[-0.0012978259474039078, 0.009858183562755585]","[-0.001439269632101059, 0.010942602530121803]","[0.0038024596869945526, 0.010081122629344463]","[0.003949481528252363, 0.011162458918988705]","[-0.0020154407247900963, 0.010227924212813377]","[-0.0024404171854257584, 0.010617298074066639]","[-0.007458237931132317, 0.006058916915208101]","[-0.0020618177950382233, 0.010396168567240238]","[-0.0022879503667354584, 0.012090793810784817]","[0.0019385884515941143, 0.0110869025811553]","[-0.0018430966883897781, 0.010089226067066193]","[-0.00013363081961870193, 0.012474002316594124]","[0.00011014938354492188, 0.014509504660964012]","[-0.007154315710067749, 0.0395611897110939]","[-0.0006180992349982262, 0.013373571448028088]","[-0.0025129399728029966, 0.020785043016076088]","[0.0021070088259875774, 0.01811271160840988]","[0.004477289970964193, 0.01761890947818756]","[9.746197611093521e-05, 0.016761647537350655]","[-0.0005732369609177113, 0.017621725797653198]","[0.012413965538144112, 0.02251552790403366]","[-0.00011486886069178581, 0.017430569976568222]","[-0.004416600801050663, 0.024639224633574486]","[-0.010536168701946735, 0.0231313593685627]","[-0.008659790270030499, 0.02154872566461563]","[-0.0022688049357384443, 0.02286776527762413]","[-0.0036939233541488647, 0.02451041340827942]","[0.016697408631443977, 0.03260131925344467]","[0.003250742796808481, 0.02134268917143345]","[0.0030201515182852745, 0.0242515467107296]","[0.0011637341231107712, 0.020582493394613266]","[0.0028553111478686333, 0.02300282195210457]","[0.04947066679596901, 0.044327616691589355]","[0.04818081483244896, 0.04386327043175697]"
10,"[-0.3698215, 0.030179389]","[-0.35990086, 0.037572682]","[-0.3591537, 0.020399066]","[-0.3538047, -0.14106591]","[-0.36873293, 0.0016421404]","[-0.38666153, 0.0069686742]","[-0.38763726, -0.093740575]","[-0.40140355, -0.117821045]","[-0.3735549, -0.028533433]","[-0.37219882, -0.06361476]","[-0.27350712, -0.28866935]","[-0.3854066, -0.024852987]","[-0.39696413, 0.003201024]","[-0.39764357, -0.034458507]","[-0.37060243, -0.09557221]","[-0.37865067, -0.017310169]","[-0.3707345, -0.036358044]","[-0.3205996, -0.14340715]","[-0.3812215, -0.02646292]","[-0.3896622, 0.012407938]","[-0.40056238, -0.008257944]","[-0.40821844, -0.022184908]","[-0.392005, -0.012038032]","[-0.38517886, -0.043595552]","[-0.36476535, -0.10509948]","[-0.38904935, -0.008894899]","[-0.3916533, 0.0063136313]","[-0.38773203, -0.019800805]","[-0.38874698, -0.025882158]","[-0.3934348, 0.014145916]","[-0.40960383, 0.04585219]","[-0.3198761, -0.051672723]","[-0.38996452, 0.013136301]","[-0.39374167, 0.032558575]","[-0.37656784, 0.00983047]","[-0.36679995, 0.042194273]","[-0.39341056, 0.014540782]","[-0.4022751, 0.04678505]","[-0.340398, -0.25269026]","[-0.38681376, -0.006525288]","[-0.3770674, 0.011876484]","[-0.36980247, 0.00017350726]","[-0.3620757, 0.046391625]","[-0.3882816, -0.0015299437]","[-0.40063596, 0.040579703]","[-0.29769886, -0.22788994]","[-0.38148832, -0.009622617]","[-0.38088197, 0.014783849]","[-0.37721378, -0.0035164375]","[-0.36095178, 0.0014621494]","[-0.3821181, -0.006415]","[-0.3946222, 0.034611493]","[-0.19653018, -0.109499894]","[-0.3687178, -0.006502904]","[-0.3602796, -0.0016100509]","[-0.3357414, -0.041809954]","[-0.29811502, -0.07640873]","[-0.3698131, 0.0016482305]","[-0.36839345, 0.024350034]","[-0.34624934, -0.03939604]","[-0.3651622, -0.002830674]","[-0.36197463, 0.012323863]","[-0.3373049, -0.037269883]","[-0.33338952, -0.07103409]","[-0.36933592, 0.00021350477]","[-0.38619182, 0.046210915]","[-0.32825208, 0.14605941]","[-0.3684398, 0.008673388]","[-0.36281133, 0.029703788]","[-0.31384856, -0.07361682]","[-0.2981848, -0.08969052]","[-0.37334615, 0.024790434]","[-0.38182056, 0.059112567]","[-0.3650474, -0.16973078]","[-0.37370062, 0.019668173]","[-0.37530512, 0.03509297]","[-0.34270933, -0.031424556]","[-0.33149996, -0.042236075]","[-0.3770634, 0.032657743]","[-0.38672596, 0.062064104]","[-0.34108424, -0.23031428]","[-0.37563628, 0.026863225]","[-0.3794467, 0.03717216]","[-0.33664662, -0.05199936]","[-0.32597634, -0.056571946]","[-0.3805648, 0.030790623]","[-0.3874781, 0.04971905]","[-0.381536, -0.036659695]","[-0.38028705, 0.030081458]","[-0.38127875, 0.041431237]","[-0.34528157, -0.020241108]","[-0.3478123, -0.02198536]","[-0.3852158, 0.046291973]","[-0.38913646, 0.066667624]","[-0.2987232, -0.09263292]","[-0.38648465, 0.047557052]","[-0.387792, 0.06630778]","[-0.32415193, -0.01615737]","[-0.3054774, -0.033121593]","[-0.3937348, 0.054949425]","[-0.40189934, 0.06194196]","[-0.35093376, -0.030936688]","[-0.3942101, 0.055804003]","[-0.39671785, 0.07072364]","[-0.3261023, -0.047307584]","[-0.31270593, -0.07451172]","[-0.40021485, 0.05848147]","[-0.4019118, 0.05800728]","[-0.35866117, -0.027528709]","[-0.40220976, 0.061422646]","[-0.40395385, 0.06737856]","[-0.34722245, -0.009263749]","[-0.33617985, -0.04117722]","[-0.40451875, 0.07430002]","[-0.4161249, 0.08820681]","[-0.41145802, 0.028311538]","[-0.40902123, 0.07842676]","[-0.4054761, 0.08598623]","[-0.3758748, -0.009879289]","[-0.3887702, -0.053556256]","[-0.39783794, 0.08111793]","[-0.4049326, 0.09044081]","[-0.3818596, 0.021162804]","[-0.3993652, 0.08651948]","[-0.39492404, 0.098352]","[-0.3855639, 0.07381933]","[-0.36215958, 0.0724063]","[-0.3903045, 0.089555904]","[-0.3904415, 0.08259104]","[-0.37974453, 0.011155752]","[-0.3895371, 0.088495314]","[-0.38552305, 0.091814384]","[-0.39558077, 0.074786894]","[-0.37752187, 0.041481435]","[-0.3672942, 0.055512257]","[-0.36065173, 0.048268575]","[-0.33101726, 0.047544837]","[-0.3666077, 0.056715317]","[-0.36738962, 0.060258653]","[-0.37131956, 0.056814454]","[-0.36859387, 0.06845855]","[-0.32410675, 0.016602356]","[-0.32739645, 0.01622719]"
11,"[0.2112210988998413, -0.000623380001761098]","[0.20640286803245544, -0.0005028449784144629]","[0.20960724353790283, -0.0005909037555592578]","[0.4803074896335602, -0.005456111517926132]","[0.23839756846427917, -0.0004690390118814447]","[0.2205592691898346, -0.0003442960903909942]","[0.2198270857334137, -0.00016113928171068714]","[0.2245122492313385, -0.0001273223419409053]","[0.22766204178333282, -0.00043469029258857983]","[0.24059602618217468, -0.000248865283548505]","[0.3747297525405884, 0.009333381360322246]","[0.21677851676940918, -0.0007532069513488393]","[0.21342387795448303, -0.0005565329018190068]","[0.23826652765274048, -0.000632479224222271]","[0.24369624257087708, -0.0005211482787242927]","[0.21455177664756775, -0.0006547246659596162]","[0.22226372361183167, -0.0005049797001162037]","[0.281686007976532, 0.0013894036025132728]","[0.20845472812652588, -0.000693477381765728]","[0.20222365856170654, -0.0007964987491745346]","[0.21922242641448975, -0.0009807562336227038]","[0.23620368540287018, -0.000654397816477692]","[0.2139454185962677, -0.0007890543069293265]","[0.22043614089488983, -0.0008300012377315813]","[0.17937302589416504, 0.0011798541903831339]","[0.21312092244625092, -0.0011155085430850642]","[0.20960718393325806, -0.0009989298405650437]","[0.19821776449680328, -0.0013558148614806198]","[0.19962269067764282, -0.0015394173286015223]","[0.21930333971977234, -0.0013243707532798465]","[0.23552899062633514, -0.0023320442952567966]","[0.2340344935655594, -0.012283207945073094]","[0.21753306686878204, -0.0013607944762286106]","[0.22934699058532715, -0.001227856225406887]","[0.22486284375190735, -0.0014645512431118446]","[0.230743408203125, -0.0012941581324190654]","[0.21858423948287964, -0.0016048705799687202]","[0.22075439989566803, -0.0022559069609735527]","[0.24588310718536377, -0.004103557013359405]","[0.22042350471019745, -0.0020003694633741187]","[0.23375380039215088, -0.0024003454934136137]","[0.22827434539794922, -0.0033848730452292752]","[0.23573994636535645, -0.004247496602790224]","[0.22264277935028076, -0.0025491271696224116]","[0.2202272266149521, -0.004263560739288463]","[0.15978074073791504, 0.006000930042686314]","[0.21724823117256165, -0.002432032801377826]","[0.21945741772651672, -0.0039339390995140056]","[0.2210368812084198, -0.005132784229697984]","[0.22348281741142273, -0.006792499958601317]","[0.21764323115348816, -0.002913566835332948]","[0.22276613116264343, -0.004183384433007475]","[0.20973806083202362, -0.000979135073899573]","[0.21674200892448425, -0.0029871501433262893]","[0.22850866615772247, -0.003641246654713659]","[0.2055472731590271, -0.004485279324157321]","[0.19436246156692505, -0.00486822310557844]","[0.21631690859794617, -0.0038830573971482263]","[0.21610626578330994, -0.006445240847443912]","[0.30230385065078735, 0.00011917733037059008]","[0.21938976645469666, -0.0037411167025560577]","[0.23056906461715698, -0.0038334337665020257]","[0.23031306266784668, -0.005441842998923585]","[0.21645453572273254, -0.011250656657002756]","[0.21793976426124573, -0.005092086770644766]","[0.21919795870780945, -0.007153008458249288]","[0.4080093502998352, 0.005790161150467155]","[0.2281874418258667, -0.004219449606826631]","[0.2290411740541458, -0.0039582363554094835]","[0.23239068686962128, -0.005050437438278821]","[0.23581385612487793, -0.017511511560622584]","[0.22674602270126343, -0.0064474195178627625]","[0.2316589206457138, -0.009061506246811346]","[0.3188343644142151, 0.05274082661779711]","[0.23137454688549042, -0.005375937776597173]","[0.23926174640655518, -0.003808821175960375]","[0.24668483436107635, -0.004153227589873243]","[0.24782006442546844, -0.005451808006273762]","[0.22714561223983765, -0.007935270345846401]","[0.23896124958992004, -0.009217513588223536]","[0.1742931306362152, 0.010128115207263089]","[0.22697407007217407, -0.006486877241501654]","[0.23554348945617676, -0.00617022752223173]","[0.25792092084884644, -0.009335213697899913]","[0.2608291804790497, -0.009646292779551091]","[0.2318088710308075, -0.008686824901584789]","[0.2450655996799469, -0.01067926954774312]","[0.24297504127025604, -0.012854118792821945]","[0.23393143713474274, -0.007135413755608777]","[0.24749359488487244, -0.005133380993460945]","[0.2729528546333313, -0.009076476731734506]","[0.2662925124168396, -0.013054259221491615]","[0.23602303862571716, -0.009345954618135477]","[0.24503272771835327, -0.01201178773588607]","[0.23427873849868774, 0.03483461507647834]","[0.23908928036689758, -0.007245617740890609]","[0.2555752992630005, -0.006557128367017939]","[0.2636867165565491, -0.012528126734437484]","[0.27173948287963867, -0.01572988277340648]","[0.23438428342342377, -0.009447904942591734]","[0.24845156073570251, -0.011722784905895844]","[0.2648947238922119, 0.016107552370235312]","[0.2405010461807251, -0.006879780703249794]","[0.25457054376602173, -0.0007977001810287598]","[0.27372002601623535, -0.007359224219964933]","[0.2787557542324066, -0.009584679816763475]","[0.2399466335773468, -0.006309360848611889]","[0.24644619226455688, -0.005593616171367444]","[0.2282228022813797, -0.08881926594247136]","[0.2426222264766693, -0.0061756481119357165]","[0.2441481351852417, 0.0005812579218148484]","[0.2660789489746094, -0.012856117375532716]","[0.25302791595458984, -0.029852797867906844]","[0.23710553348064423, -0.006589249122242458]","[0.23618006706237793, -0.005539113656937489]","[0.23630788922309875, 0.004871434397118346]","[0.2366611212491989, -0.0043686129139483]","[0.23648454248905182, 0.004219095180429289]","[0.2504044771194458, -0.00047584676443990226]","[0.26138585805892944, 0.0023277410405960763]","[0.23604494333267212, 0.00043699256607077075]","[0.23303517699241638, 0.001669191599679487]","[0.18927687406539917, 0.029210524357814016]","[0.2311096489429474, 0.0024377059865507977]","[0.2055690586566925, 0.015236961154145301]","[0.2006760835647583, 0.015499555039752422]","[0.20631036162376404, 0.005004360257857998]","[0.2208181768655777, 0.007521078724414432]","[0.22388337552547455, 0.005115021369047845]","[0.21041660010814667, 0.0006348110974874199]","[0.2183687388896942, 0.007331597724381633]","[0.19451752305030823, 0.012362927176878702]","[0.18847063183784485, 0.01649178001492957]","[0.19101911783218384, 0.0014929037560001968]","[0.2095402181148529, 0.008345162627787839]","[0.21140913665294647, 0.002891866236219509]","[0.15734383463859558, 0.0047834216292582665]","[0.20650865137577057, 0.011263783625820145]","[0.20158305764198303, 0.009616065564847731]","[0.2097105085849762, 0.02135030529939097]","[0.20213064551353455, 0.04238534517129344]","[0.15656399726867676, -0.1421836271982323]","[0.15712276101112366, -0.13265629931730427]"
12,0.0002514328807592392,-0.016459975391626358,-0.009247702546417713,0.15480884909629822,0.009420898742973804,0.007902231067419052,0.03202135115861893,0.07220727205276489,0.007855013944208622,0.014970575459301472,0.101474329829216,0.0038644419983029366,0.006100889295339584,0.015209878794848919,0.04611591994762421,0.015827318653464317,0.027046581730246544,0.14290612936019897,0.015733662992715836,0.016734326258301735,0.021563000977039337,0.017171280458569527,0.020852908492088318,0.018493279814720154,0.0356067530810833,0.018069474026560783,0.017824852839112282,0.020362738519906998,0.019536001607775688,0.019452480599284172,0.03142748028039932,0.11012980341911316,0.0205253753811121,0.02098258025944233,0.025388482958078384,0.02894604206085205,0.01868019998073578,0.016705820336937904,0.04550139978528023,0.022074785083532333,0.021479705348610878,0.025460565462708473,0.02737988531589508,0.019596684724092484,0.02482769824564457,0.10091465711593628,0.0223486740142107,0.02313905581831932,0.03490578010678291,0.037680573761463165,0.02085968852043152,0.020924502983689308,0.11329431086778641,0.023438001051545143,0.019222142174839973,0.03471909463405609,0.05088465288281441,0.02337496355175972,0.022992702201008797,0.09052348881959915,0.024256212636828423,0.018463289365172386,0.03299867734313011,0.04514827951788902,0.023832524195313454,0.017928853631019592,0.110124371945858,0.02558029070496559,0.024315452203154564,0.05487483739852905,0.06301812827587128,0.02328815497457981,0.019544580951333046,0.08218402415513992,0.024688445031642914,0.02316889539361,0.048038288950920105,0.05277326703071594,0.02329680696129799,0.022252069786190987,0.09022276848554611,0.02397919073700905,0.024031084030866623,0.0392976775765419,0.04203071445226669,0.022801600396633148,0.021491270512342453,0.05981322005391121,0.02200799249112606,0.023861119523644447,0.040402643382549286,0.04335033521056175,0.020277485251426697,0.018712030723690987,0.07848859578371048,0.020425183698534966,0.025613438338041306,0.043866902589797974,0.04623569920659065,0.017982708290219307,0.01787867583334446,0.0612046979367733,0.01832856610417366,0.021717647090554237,0.04726517200469971,0.05119277909398079,0.017170896753668785,0.020253559574484825,0.048572052270174026,0.017782121896743774,0.023313108831644058,0.038165558129549026,0.04606594890356064,0.014309193007647991,0.01866917684674263,0.04470304399728775,0.014057622291147709,0.020061176270246506,0.02896200492978096,0.030670884996652603,0.01891225576400757,0.02012992464005947,0.06367502361536026,0.021173346787691116,0.03249223902821541,0.020391635596752167,0.010953971184790134,0.026608770713210106,0.02881135232746601,0.05935395136475563,0.03019109182059765,0.04298122972249985,0.03329594433307648,0.040676407516002655,0.045723628252744675,0.04693782329559326,0.08688783645629883,0.049396123737096786,0.05449928715825081,0.05060862749814987,0.052129898220300674,0.10194746404886246,0.10409659147262573
