,expt_name,expt_y_label,patch_embed_proj,patch_embed_norm,patch_drop,norm_pre,blocks_0_norm1,blocks_0_attn_qkv,blocks_0_attn_q_norm,blocks_0_attn_k_norm,blocks_0_attn_proj,blocks_0_ls1,blocks_0_drop_path1,blocks_0_norm2,blocks_0_mlp_fc1,blocks_0_mlp_act,blocks_0_mlp_norm,blocks_0_mlp_fc2,blocks_0_ls2,blocks_0_drop_path2,blocks_1_norm1,blocks_1_attn_qkv,blocks_1_attn_q_norm,blocks_1_attn_k_norm,blocks_1_attn_proj,blocks_1_ls1,blocks_1_drop_path1,blocks_1_norm2,blocks_1_mlp_fc1,blocks_1_mlp_act,blocks_1_mlp_norm,blocks_1_mlp_fc2,blocks_1_ls2,blocks_1_drop_path2,blocks_2_norm1,blocks_2_attn_qkv,blocks_2_attn_q_norm,blocks_2_attn_k_norm,blocks_2_attn_proj,blocks_2_ls1,blocks_2_drop_path1,blocks_2_norm2,blocks_2_mlp_fc1,blocks_2_mlp_act,blocks_2_mlp_norm,blocks_2_mlp_fc2,blocks_2_ls2,blocks_2_drop_path2,blocks_3_norm1,blocks_3_attn_qkv,blocks_3_attn_q_norm,blocks_3_attn_k_norm,blocks_3_attn_proj,blocks_3_ls1,blocks_3_drop_path1,blocks_3_norm2,blocks_3_mlp_fc1,blocks_3_mlp_act,blocks_3_mlp_norm,blocks_3_mlp_fc2,blocks_3_ls2,blocks_3_drop_path2,blocks_4_norm1,blocks_4_attn_qkv,blocks_4_attn_q_norm,blocks_4_attn_k_norm,blocks_4_attn_proj,blocks_4_ls1,blocks_4_drop_path1,blocks_4_norm2,blocks_4_mlp_fc1,blocks_4_mlp_act,blocks_4_mlp_norm,blocks_4_mlp_fc2,blocks_4_ls2,blocks_4_drop_path2,blocks_5_norm1,blocks_5_attn_qkv,blocks_5_attn_q_norm,blocks_5_attn_k_norm,blocks_5_attn_proj,blocks_5_ls1,blocks_5_drop_path1,blocks_5_norm2,blocks_5_mlp_fc1,blocks_5_mlp_act,blocks_5_mlp_norm,blocks_5_mlp_fc2,blocks_5_ls2,blocks_5_drop_path2,blocks_6_norm1,blocks_6_attn_qkv,blocks_6_attn_q_norm,blocks_6_attn_k_norm,blocks_6_attn_proj,blocks_6_ls1,blocks_6_drop_path1,blocks_6_norm2,blocks_6_mlp_fc1,blocks_6_mlp_act,blocks_6_mlp_norm,blocks_6_mlp_fc2,blocks_6_ls2,blocks_6_drop_path2,blocks_7_norm1,blocks_7_attn_qkv,blocks_7_attn_q_norm,blocks_7_attn_k_norm,blocks_7_attn_proj,blocks_7_ls1,blocks_7_drop_path1,blocks_7_norm2,blocks_7_mlp_fc1,blocks_7_mlp_act,blocks_7_mlp_norm,blocks_7_mlp_fc2,blocks_7_ls2,blocks_7_drop_path2,blocks_8_norm1,blocks_8_attn_qkv,blocks_8_attn_q_norm,blocks_8_attn_k_norm,blocks_8_attn_proj,blocks_8_ls1,blocks_8_drop_path1,blocks_8_norm2,blocks_8_mlp_fc1,blocks_8_mlp_act,blocks_8_mlp_norm,blocks_8_mlp_fc2,blocks_8_ls2,blocks_8_drop_path2,blocks_9_norm1,blocks_9_attn_qkv,blocks_9_attn_q_norm,blocks_9_attn_k_norm,blocks_9_attn_proj,blocks_9_ls1,blocks_9_drop_path1,blocks_9_norm2,blocks_9_mlp_fc1,blocks_9_mlp_act,blocks_9_mlp_norm,blocks_9_mlp_fc2,blocks_9_ls2,blocks_9_drop_path2,blocks_10_norm1,blocks_10_attn_qkv,blocks_10_attn_q_norm,blocks_10_attn_k_norm,blocks_10_attn_proj,blocks_10_ls1,blocks_10_drop_path1,blocks_10_norm2,blocks_10_mlp_fc1,blocks_10_mlp_act,blocks_10_mlp_norm,blocks_10_mlp_fc2,blocks_10_ls2,blocks_10_drop_path2,blocks_11_norm1,blocks_11_attn_qkv,blocks_11_attn_q_norm,blocks_11_attn_k_norm,blocks_11_attn_proj,blocks_11_ls1,blocks_11_drop_path1,blocks_11_norm2,blocks_11_mlp_fc1,blocks_11_mlp_act,blocks_11_mlp_norm,blocks_11_mlp_fc2,blocks_11_ls2,blocks_11_drop_path2,norm,fc_norm,head
1,Exp01: Thatcher Index,Thatcher Index,-0.0009408817157236626,-0.0009408817157236626,-0.0009408327689016005,-0.0009408327689016005,0.0031858875023317522,-0.0018502873706893296,-1.4173812996887136e-05,-0.002875958595177508,-0.015008478210074828,-0.015008478210074828,-0.015008478210074828,-0.0012856133515015244,-0.005322782206349075,0.0014859604503726586,0.0014859604503726586,0.0032538064842810854,0.0032538064842810854,0.0032538064842810854,-0.0002853430560207926,0.003428653578157537,0.004369257968937746,0.002762128291942645,0.009022058815753553,0.009022058815753553,0.009022058815753553,0.0024955363085609862,0.0006013479222019668,-0.0025711035836138763,-0.0025711035836138763,-0.008310305365012028,-0.008310305365012028,-0.008310305365012028,-0.011820530517434235,-0.02043910357169807,-0.020261177149950526,-0.016001365275587886,-0.024921889533288777,-0.024921889533288777,-0.024921889533288777,-0.019359543756581842,-0.018959186505526304,-0.013855748342757579,-0.013855748342757579,-0.013718186994083226,-0.013718186994083226,-0.013718186994083226,-0.009123008855385705,-0.003240487092989497,-0.0022173231234773995,-0.004835050807741936,-0.016497989860363306,-0.016497989860363306,-0.016497989860363306,-0.009642093337606638,-0.00811526452871476,-0.008000080072088167,-0.008000080072088167,-0.008629365265369416,-0.008629365265369416,-0.008629365265369416,-0.010377254278864712,-0.00979554012301378,-0.008885350290802308,-0.007703189019230195,0.007087133056484163,0.007087133056484163,0.007087133056484163,-0.01866183461388573,-0.017250449280254543,0.009086398873478174,0.009086398873478174,0.032376000098884104,0.032376000098884104,0.032376000098884104,-0.02792096146440599,-0.02957494361908175,-0.03604473399464041,-0.029259563621599226,0.04794630073010921,0.04794630073010921,0.04794630073010921,-0.030073951289523393,-0.030519952822942287,-0.04658117637154646,-0.04658117637154646,-0.040122549142688514,-0.040122549142688514,-0.040122549142688514,-0.05742392640095204,-0.0614147565793246,-0.0702870811568573,-0.05746540292166173,0.035240763006731866,0.035240763006731866,0.035240763006731866,-0.058041789662092926,-0.051646516844630244,-0.03783734395401552,-0.03783734395401552,-0.04998401987832039,-0.04998401987832039,-0.04998401987832039,-0.08494018232449889,-0.08171449282672257,-0.08891287739388645,-0.08033610787242651,0.16305601047642995,0.16305601047642995,0.16305601047642995,-0.08168596490286291,-0.07178920258302242,-0.02523705109488219,-0.02523705109488219,-0.03952210457064211,-0.03952210457064211,-0.03952210457064211,-0.08265265487134457,-0.08430787817342207,-0.08561523626558483,-0.08121313350857236,0.13799168928526342,0.13799168928526342,0.13799168928526342,-0.07952002446400001,-0.08304571248590946,-0.05733551111188717,-0.05733551111188717,-0.042283413908444346,-0.042283413908444346,-0.042283413908444346,-0.08275134582072496,-0.08463129438459874,-0.08512045482639223,-0.07827056990936399,0.17864765007980168,0.17864765007980168,0.17864765007980168,-0.0784889523871243,-0.08288106119725853,-0.057543844310566784,-0.057543844310566784,-0.05159370935289189,-0.05159370935289189,-0.05159370935289189,-0.08092092080041766,-0.08350435439497232,-0.0822700947523117,-0.0752465164870955,0.1183482558466494,0.1183482558466494,0.1183482558466494,-0.0660872355569154,-0.011339189205318689,-0.06827498561469839,-0.06827498561469839,-0.11275618985528127,-0.11275618985528127,-0.11275618985528127,-0.07262714682146906,-0.08004669984802604,-0.0758850309997797,-0.07776812273077667,0.039540817076340315,0.039540817076340315,0.039540817076340315,-0.053160223143640904,0.009846582356840373,0.12286505326628686,0.12286505326628686,0.10745664453133941,0.10745664453133941,0.10745664453133941,-0.07414135297294706,0.05940914703533053,0.03522292920388281
2,Exp02: Mirror Confusion,Mirror Confusion Index,0.0008823632751591504,0.0008823632751591504,0.0008823298818606417,0.0008823298818606417,0.00042455916933249683,0.0012792363297194243,0.0012603661348111928,0.001271046217298135,-0.0006067497888579965,-0.0006067497888579965,-0.0006067497888579965,-0.001387788214487955,-0.002402878035209142,-0.0035317288211081177,-0.0035317288211081177,-0.002202201938343933,-0.002202201938343933,-0.002202201938343933,-0.0019330028374679386,-0.0014272538498335053,-0.000497677611419931,-0.0012637478405667934,-0.0007356282492401078,-0.0007356282492401078,-0.0007356282492401078,-0.005032178817782551,-0.001275103950756602,-0.0027382951384061016,-0.0027382951384061016,-0.0031446351611521097,-0.0031446351611521097,-0.0031446351611521097,-0.0004327503935201094,-0.0020705049292882903,-0.0019791913020890204,-0.001156574195047142,0.012947574250865727,0.012947574250865727,0.012947574250865727,0.0036043673823587595,0.004154133993797587,0.0019278338235744741,0.0019278338235744741,0.002037080314476043,0.002037080314476043,0.002037080314476043,0.002050391791271977,0.0002903390768915415,0.0005713190420647151,0.001512108581373468,0.017341925321961753,0.017341925321961753,0.017341925321961753,0.0046508113853633406,0.00857486467983108,0.0056994296272750945,0.0056994296272750945,0.005282914851268288,0.005282914851268288,0.005282914851268288,0.00297306761611253,-0.0025137597805587573,-0.0037262741423910485,0.001527049528885982,0.02949539458262734,0.02949539458262734,0.02949539458262734,0.010563793873880059,0.015400273557752371,0.014108392187627033,0.014108392187627033,0.01471523449959932,0.01471523449959932,0.01471523449959932,0.009086835413472726,0.0024670569793670436,0.0012017523194663227,0.0022008456496405413,0.092225862807245,0.092225862807245,0.092225862807245,0.024748014237702592,0.03205168212531134,0.028300083868089132,0.028300083868089132,0.027142186983655846,0.027142186983655846,0.027142186983655846,0.023392062451457606,0.0167176662851125,0.01238003111211583,0.01572748767619487,0.12209825108759105,0.12209825108759105,0.12209825108759105,0.034577078339643776,0.03966665212996304,0.02924401798085455,0.02924401798085455,0.031201148077379913,0.031201148077379913,0.031201148077379913,0.034064440682996064,0.029581771737430245,0.026955527644604446,0.028101878311135805,0.1592344475723803,0.1592344475723803,0.1592344475723803,0.03877181813779316,0.03996620144811459,0.03215220935584512,0.03215220935584512,0.034009585530438924,0.034009585530438924,0.034009585530438924,0.0388122977517196,0.035486297635361555,0.03541152340825647,0.031654406762172585,0.19285046663600952,0.19285046663600952,0.19285046663600952,0.04061648861272261,0.04368250689120032,0.04005022097844631,0.04005022097844631,0.035425903489813206,0.035425903489813206,0.035425903489813206,0.04109418989100959,0.041020073760300875,0.040770329559163654,0.036722013930848334,0.2358884052489884,0.2358884052489884,0.2358884052489884,0.04222063949797303,0.04673764718405437,0.04306015053880401,0.04306015053880401,0.04253080148831941,0.04253080148831941,0.04253080148831941,0.041632134424580726,0.042412293383677024,0.04167730882996693,0.039258888487238436,0.24447387674124912,0.24447387674124912,0.24447387674124912,0.03874156977748498,0.02705370099050924,0.046219296093622686,0.046219296093622686,0.06666966426884756,0.06666966426884756,0.06666966426884756,0.04122296868008561,0.04175942150177434,0.041642993256100456,0.03739885044982657,0.3159608580148779,0.3159608580148779,0.3159608580148779,0.02343415440118406,0.03451981563353911,0.029281945989932865,0.029281945989932865,0.03542539699352346,0.03542539699352346,0.03542539699352346,0.03990288907509239,0.8388480225205421,0.834863495528698
3,Exp03: Scene Incongruence,,"[{'c_top5_acc_mean': 0.2, 'c_top5_acc_se': 0.0632455532033676, 'c_top1_acc_mean': 0.15, 'c_top1_acc_se': 0.05645794895318108, 'i_top5_acc_mean': 0.4, 'i_top5_acc_se': 0.07745966692414834, 'i_top1_acc_mean': 0.2, 'i_top1_acc_se': 0.0632455532033676}]",,,,,,,,,,,,,,,,,,,,,,,,,,,,,,,,,,,,,,,,,,,,,,,,,,,,,,,,,,,,,,,,,,,,,,,,,,,,,,,,,,,,,,,,,,,,,,,,,,,,,,,,,,,,,,,,,,,,,,,,,,,,,,,,,,,,,,,,,,,,,,,,,,,,,,,,,,,,,,,,,,,,,,,,,,,,,,
4,Exp04a: Multiple Object Normalisation (Pairs),Estimated Slope,0.5378030942888213,0.5378030942888216,0.5319074843387773,0.5319074843387773,0.8277972914922637,0.5512581931005566,0.5525052828116161,0.5162472019545662,0.5836209214590365,0.5836209214590365,0.5836209214590365,0.6381912813019391,0.5093321004495328,0.4667888227624212,0.4667888227624212,0.4796348686287477,0.4796348686287477,0.4796348686287477,0.767031032564545,0.46251814282173576,0.4759871371514739,0.45699946388595986,0.5036197003225376,0.5036197003225376,0.5036197003225376,0.48414261174824574,0.48782421389787484,0.4186934244362243,0.4186934244362243,0.5210813174303018,0.5210813174303018,0.5210813174303018,0.43447655431064985,0.46991623110558606,0.4848741115506694,0.45516799586006745,0.5868380325242846,0.5868380325242846,0.5868380325242846,0.44698837830867993,0.49982048316074495,0.4374992875775903,0.4374992875775903,0.44477017691460646,0.44477017691460646,0.44477017691460646,0.4748195399988599,0.4821988395414535,0.48977626878025615,0.4675923094698987,0.6061511253123378,0.6061511253123378,0.6061511253123378,0.4541823062521797,0.49846997851840236,0.4665279239036011,0.4665279239036011,0.46700596847154385,0.46700596847154385,0.46700596847154385,0.49093102959875534,0.49496568946270814,0.49017558842727743,0.47322731705779203,0.5838593598459594,0.5838593598459594,0.5838593598459594,0.47134284483541966,0.5103930181855153,0.44841696429853306,0.44841696429853306,0.4766258209123569,0.4766258209123569,0.4766258209123569,0.48535398798570234,0.4978887552620128,0.5046962664090642,0.47488072263236075,0.5162746195406661,0.5162746195406661,0.5162746195406661,0.5030776020670019,0.5221112414359518,0.44216730136336235,0.44216730136336235,0.4688020925877798,0.4688020925877798,0.4688020925877798,0.48043698867599005,0.4946992053386046,0.5156050419643189,0.46663238700255766,0.5062227629642494,0.5062227629642494,0.5062227629642494,0.501846196374165,0.5102141670047824,0.4202818072084743,0.4202818072084743,0.4345273942392905,0.4345273942392905,0.4345273942392905,0.49961345214715863,0.49458454413274744,0.5146165207297793,0.4777583068342809,0.46004645912670755,0.46004645912670755,0.46004645912670755,0.46592667494471357,0.4957350951883497,0.40979921407567566,0.40979921407567566,0.4234692951703271,0.4234692951703271,0.4234692951703271,0.49357316123947886,0.48118678650231916,0.5037070777345475,0.45634205269434336,0.4362787806724109,0.4362787806724109,0.4362787806724109,0.4574101016640994,0.49523698236124697,0.385054884584764,0.385054884584764,0.4627565895546536,0.4627565895546536,0.4627565895546536,0.4873582991847637,0.4657103535967641,0.4936761360922984,0.44013667186834476,0.4619271227242231,0.4619271227242231,0.4619271227242231,0.44635616683516194,0.5018694791145142,0.5111180007155361,0.5111180007155361,0.5312011899118352,0.5312011899118352,0.5312011899118352,0.48722050447861515,0.45874682295698216,0.47781779015547404,0.4361853919801647,0.45273723029858604,0.45273723029858604,0.45273723029858604,0.4666489121683607,0.46588640268903353,,,0.40029305402097304,0.40029305402097304,0.40029305402097304,0.47523499558342475,0.4492105853284708,0.4521274690565571,0.43596449698985046,0.4027742357067115,0.4027742357067115,0.4027742357067115,0.48654955644651215,0.5134987798198293,,,0.5729367050621713,0.5729367050621713,0.5729367050621713,0.430780200783394,,0.5822766116589329
5,Exp04b: Multiple Object Normalisation (Triplets),Estimated Slope,0.36012931799452336,0.36012931799452325,0.35345398009064355,0.35345398009064355,0.507041451754987,0.37481522293950714,0.37972037716378326,0.3178681132587908,0.3861721378348266,0.3861721378348266,0.3861721378348266,0.48261073268446447,0.3259654587146257,0.11524850121188693,0.11524850121188693,0.290176207151053,0.290176207151053,0.290176207151053,0.41204941923374755,0.25873202433050246,0.2795699351270712,0.2514670838465101,0.30945396813967857,0.30945396813967857,0.30945396813967857,0.2816544861753071,0.2862942210056834,0.09332772509057982,0.09332772509057982,0.23799132532978726,0.23799132532978726,0.23799132532978726,0.19470355381368834,0.25009947694469503,0.2761962357608292,0.23676945722929552,0.4002226683464885,0.4002226683464885,0.4002226683464885,0.1998456978112781,0.2845441812846809,0.04877407559384913,0.04877407559384913,0.16581076659121374,0.16581076659121374,0.16581076659121374,0.2757506073822292,0.2669136156233644,0.28212501444111715,0.26075925632339564,0.42118276136105515,0.42118276136105515,0.42118276136105515,0.2048341264751862,0.2890726101991831,0.2137544820193072,0.2137544820193072,0.25541294262691,0.25541294262691,0.25541294262691,0.29702267206698363,0.2788380420808607,0.2764151489458587,0.27023677056079337,0.38495367626543975,0.38495367626543975,0.38495367626543975,0.2332500737062016,0.29708665572471477,0.20082359242170492,0.20082359242170492,0.2647165637181356,0.2647165637181356,0.2647165637181356,0.2833305917089376,0.28067095059499897,0.28852603966381446,0.2723635453048651,0.31004331463093654,0.31004331463093654,0.31004331463093654,0.2852553426295355,0.3156931688274316,0.21708792944056463,0.21708792944056463,0.2870672249269471,0.2870672249269471,0.2870672249269471,0.272865098747707,0.27698414830047413,0.29309238710169555,0.2627453996769379,0.30897314262086906,0.30897314262086906,0.30897314262086906,0.2970263964407653,0.31191097088707054,0.21827437645598996,0.21827437645598996,0.241649933464082,0.241649933464082,0.241649933464082,0.3058706596790618,0.28121854920410894,0.2992702918629576,0.27654068577287355,0.26369723149121416,0.26369723149121416,0.26369723149121416,0.23484104991501717,0.2986103884470375,0.16853146243230516,0.16853146243230516,0.2643821074577889,0.2643821074577889,0.2643821074577889,0.30138339314310747,0.2670481479045204,0.2940328761303706,0.25333183096084794,0.18223108721561185,0.18223108721561185,0.18223108721561185,0.24504563536831905,0.3131209610070599,0.20285131320357322,0.20285131320357322,0.2869453765421464,0.2869453765421464,0.2869453765421464,0.2968368638565932,0.25472034793773646,0.2953154674369893,0.2374194849059468,0.32560049070761193,0.32560049070761193,0.32560049070761193,0.2227857601518307,0.3130641309323984,-0.1269386042097135,-0.1269386042097135,0.3359155857393974,0.3359155857393974,0.3359155857393974,0.2967120673124414,0.24398444725807247,0.2777796458678255,0.23099850318899168,0.2824169166107646,0.2824169166107646,0.2824169166107646,0.22606012662840774,0.30013826854414044,,,0.21439518315932785,0.21439518315932785,0.21439518315932785,0.27745487450394835,0.2337563709134439,0.234348303433267,0.23554175457702758,0.23261461798801164,0.23261461798801164,0.23261461798801164,0.3034470035868614,0.3330033062857262,,,0.41896153576463546,0.41896153576463546,0.41896153576463546,0.20288407243688053,,0.32406869801598226
6,Exp05a: Correlated Sparseness (Reference set vs Morphlines),Sparseness Correlation,0.5785188289201652,0.5785188672117357,0.5785178925426429,0.5785178925426429,0.5406494037127103,0.6144840919246973,0.6166404446002928,0.6198733148414951,0.1470590487731699,0.1470590487731699,0.1470590487731699,0.19392441907572908,0.28765015359523527,0.29040665823040906,0.29040665823040906,0.13225122030751366,0.13225122030751366,0.13225122030751366,0.09506019517876257,0.07403410820433257,0.0600733937743466,0.05522749828676067,0.012739017846925703,0.012739017846925703,0.012739017846925703,0.026152602104415265,0.09141118082980984,0.38256389415367004,0.38256389415367004,0.06043803934844049,0.06043803934844049,0.06043803934844049,0.042703139840513354,0.04197879725629585,0.031914895659855176,0.04864754397766379,-0.011033432498740618,-0.011033432498740618,-0.011033432498740618,-0.0021347925853877486,0.056063319162153666,0.42869010041248357,0.42869010041248357,0.014441432264355899,0.014441432264355899,0.014441432264355899,-0.01219792026415593,-0.016685919400478703,-0.026479223413261872,-0.01173603343225741,-0.058415306837516875,-0.058415306837516875,-0.058415306837516875,-0.0551003536012941,-0.02668349082082521,0.4893829371520696,0.4893829371520696,0.011639521180106319,0.011639521180106319,0.011639521180106319,-0.024918101086741286,0.02416943761823649,0.009159318205531326,0.053240999824017324,0.00436630914925288,0.00436630914925288,0.00436630914925288,-0.03210349995646909,-0.018465414777318813,0.5218054780781712,0.5218054780781712,0.152077143245625,0.152077143245625,0.152077143245625,0.02610433483460395,0.09605021835250588,0.128255993614324,0.14125425274986417,-0.0478117661491373,-0.0478117661491373,-0.0478117661491373,-0.03532370275655919,-0.01827724000826739,0.539515497347975,0.539515497347975,0.0643429619224071,0.0643429619224071,0.0643429619224071,-0.02107539199687528,0.04192126822138517,0.05667088862277343,0.08216849561276708,-0.09654565134001483,-0.09654565134001483,-0.09654565134001483,-0.0613775278735581,-0.021795662891299465,0.5431842911585343,0.5431842911585343,0.020214461874386767,0.020214461874386767,0.020214461874386767,-0.03188034462644208,-0.012078516568909,0.006107484107034961,-0.013426326320784701,-0.034666363437299466,-0.034666363437299466,-0.034666363437299466,-0.036442520815563775,-0.011367203226279543,0.2869415809307361,0.2869415809307361,0.03864944450684131,0.03864944450684131,0.03864944450684131,-0.027829299050066775,-0.01653628606283675,-0.0019151976013710922,-0.0063359048808875875,-0.037555812481453316,-0.037555812481453316,-0.037555812481453316,-0.03964783402529296,-0.027011372233219557,0.20770395974988262,0.20770395974988262,0.12325636827702216,0.12325636827702216,0.12325636827702216,-0.03240028869567119,-0.012518358004665001,0.002337332969224953,-0.004535565487194114,0.06502996277981198,0.06502996277981198,0.06502996277981198,-0.00755641036844968,0.0020362011862314457,0.1517973218660979,0.1517973218660979,0.11851368274171327,0.11851368274171327,0.11851368274171327,-0.002019396565744432,0.01855116807130547,0.030806069966223426,0.017755460242545533,0.13967515306296005,0.13967515306296005,0.13967515306296005,0.009142176461253546,-0.027721671945304935,0.03841952166643761,0.03841952166643761,0.07978691956466966,0.07978691956466966,0.07978691956466966,0.00900612438554883,0.030027401692516276,0.0313468776252119,0.04180030771722394,0.06570509824089892,0.06570509824089892,0.06570509824089892,-0.010994358621008365,0.12007197570575806,0.12215937664736873,0.12215937664736873,0.3395792069503768,0.3395792069503768,0.3395792069503768,-0.014553410091864678,0.014701362585995525,0.06357098647104564
7,Exp05b: Correlated Sparseness (Shapes vs Textures),Sparseness Correlation,0.0097632509967838,0.009763251354715157,0.009763127299406118,0.009763127299406118,0.010471778246289134,0.07036450461282916,0.07565842246461232,0.0819164445353657,0.18817536474391125,0.18817536474391125,0.18817536474391125,0.09920741211539318,0.15768874114365974,0.2748990402822449,0.2748990402822449,0.17754272633146653,0.17754272633146653,0.17754272633146653,0.1250735281292583,0.12020419733356134,0.17562685857851235,0.1137934482254749,0.051554699297021604,0.051554699297021604,0.051554699297021604,0.05732674782120478,0.08815538153598519,0.3506196147509235,0.3506196147509235,0.04875340157818393,0.04875340157818393,0.04875340157818393,0.0276550362972363,0.04099322633101794,0.01771101673952852,0.06197030934315836,0.05628446804653105,0.05628446804653105,0.05628446804653105,0.03049186962925476,0.06670654537043849,0.30201295907664466,0.30201295907664466,0.022621557068197747,0.022621557068197747,0.022621557068197747,0.056257964270236965,0.049241679099978,0.0527672477999648,0.05197900364893059,0.026028568498829816,0.026028568498829816,0.026028568498829816,0.020517611395407406,0.04959251997119461,0.4068886605631777,0.4068886605631777,-0.03806656126053018,-0.03806656126053018,-0.03806656126053018,0.008164854752476585,0.022233510024409417,0.036595563269593505,0.010601403949463215,-0.015056710483238223,-0.015056710483238223,-0.015056710483238223,-0.011812326395934521,0.012267698175488714,0.39881456057689196,0.39881456057689196,-0.04496097978550631,-0.04496097978550631,-0.04496097978550631,-0.010006020511938295,0.005493486035691816,0.017640819198848363,-0.030142479048588924,0.03666564072266753,0.03666564072266753,0.03666564072266753,-0.005495326866201537,0.03738398733300769,0.4052163496459326,0.4052163496459326,-0.014033949461694069,-0.014033949461694069,-0.014033949461694069,-0.0049345521657831945,0.011231040697475913,0.012325400053514766,0.007920377792957494,0.05007930425422695,0.05007930425422695,0.05007930425422695,0.017536102102409048,0.02366559163924368,0.31644578876494767,0.31644578876494767,0.04838257053659077,0.04838257053659077,0.04838257053659077,0.039871834316758344,0.048689987733552126,0.04046714062236455,0.07099812750687523,0.09609222051370847,0.09609222051370847,0.09609222051370847,0.04555053987594856,0.06217811350634603,0.520302720563345,0.520302720563345,0.06299597712911431,0.06299597712911431,0.06299597712911431,0.05406959603250378,0.048831702211413544,0.025734656410607903,0.07663181815198532,-0.02423779767550811,-0.02423779767550811,-0.02423779767550811,0.04473736789382546,0.050982043345706204,0.5440971848496202,0.5440971848496202,-0.07502896733632848,-0.07502896733632848,-0.07502896733632848,0.05513003571923916,0.07720122907413843,0.05255363979941823,0.10273082252703823,0.03713682596031278,0.03713682596031278,0.03713682596031278,0.04588718721625675,0.06763724191671396,0.47588619594003306,0.47588619594003306,0.03362178133370597,0.03362178133370597,0.03362178133370597,0.05146037217709568,0.07756720856459723,0.08327416465203157,0.0936893043702135,0.06404287653407652,0.06404287653407652,0.06404287653407652,0.07002300396776057,0.1956207962559875,0.3630785675098672,0.3630785675098672,0.21739994321191247,0.21739994321191247,0.21739994321191247,0.049224570640832355,0.08911752498649278,0.12832225281862195,0.09077942301428196,0.08144837865564127,0.08144837865564127,0.08144837865564127,0.058809342193767135,0.15675054004542133,0.012394506228802178,0.012394506228802178,-0.004288642983470717,-0.004288642983470717,-0.004288642983470717,0.02396227408842922,0.07524663527289022,0.183484427081968
8,Exp06: Weber's Law,Correlation with length changes,0.06082913380057514,0.060829105742349454,0.06082911027607277,0.06082911027607277,0.05823390958036517,0.057805441069185476,0.05812007684899817,0.05776050890854098,0.04596177603230961,0.04596177603230961,0.04596177603230961,0.06619269759439356,0.06716159426051876,0.08046278371273224,0.08046278371273224,0.07716022236120951,0.07716022236120951,0.07716022236120951,0.08443759411775209,0.07740909756647374,0.07396505338655954,0.07891601129823361,0.07652687472254432,0.07652687472254432,0.07652687472254432,0.07903371968076178,0.08587742818678168,0.09203485969993097,0.09203485969993097,0.08386754549622921,0.08386754549622921,0.08386754549622921,0.07998539713053959,0.07632662929398051,0.07528313059702693,0.07900167023705845,0.11417023335642218,0.11417023335642218,0.11417023335642218,0.08554289419361905,0.08525582437781343,0.08357130225049075,0.08357130225049075,0.0945078945048825,0.0945078945048825,0.0945078945048825,0.09034466317983336,0.08368924407368283,0.08356310444071507,0.08264360137416316,0.0915301219779584,0.0915301219779584,0.0915301219779584,0.08917385313428655,0.07908647621191689,0.053794626347789976,0.053794626347789976,0.07503417042503702,0.07503417042503702,0.07503417042503702,0.09325246169213436,0.09063389097092794,0.08280103887468149,0.08493464600897502,0.06649124318692312,0.06649124318692312,0.06649124318692312,0.09016086865160597,0.08122148170043841,0.06482705949496742,0.06482705949496742,0.0550707254115462,0.0550707254115462,0.0550707254115462,0.0758800856933397,0.04438616001084489,0.04107224891346928,0.027545559589316926,-0.00947265381522347,-0.00947265381522347,-0.00947265381522347,0.07081498183573245,0.06287118218767107,0.043340437886914523,0.043340437886914523,0.04941237940448448,0.04941237940448448,0.04941237940448448,0.060418268131313735,0.028400620319818354,0.02452300509119998,0.015951472750269396,-0.0004981461697403655,-0.0004981461697403655,-0.0004981461697403655,0.053983088310230104,0.05359413104545685,0.04182338897475371,0.04182338897475371,0.03448367868176069,0.03448367868176069,0.03448367868176069,0.04963656338640279,0.03243938009515707,0.02614640909300997,0.02332494212000294,0.00025796277517833865,0.00025796277517833865,0.00025796277517833865,0.04886888897665223,0.044267483058425094,0.04008675111696028,0.04008675111696028,0.048746376715216894,0.048746376715216894,0.048746376715216894,0.04707057500718706,0.03215932588439177,0.024771865741476495,0.027422366238311152,-0.011888503210160897,-0.011888503210160897,-0.011888503210160897,0.04903151277231843,0.047697347570610754,0.0608648599152421,0.0608648599152421,0.06293063446421171,0.06293063446421171,0.06293063446421171,0.048425571586070054,0.04061173044668212,0.03767247869832974,0.04263879062662507,0.01966409774234787,0.01966409774234787,0.01966409774234787,0.05374427733170381,0.05606219513318367,0.06340164318995725,0.06340164318995725,0.07567642886768619,0.07567642886768619,0.07567642886768619,0.04907026215369964,0.04337367515496657,0.04576498661974657,0.04720461137459059,0.02618738734533184,0.02618738734533184,0.02618738734533184,0.06740973280576926,0.1180949219603929,0.08836149685410985,0.08836149685410985,0.07897359127590903,0.07897359127590903,0.07897359127590903,0.0508475514957718,0.04399787098633795,0.051621212103717284,0.04839917201442856,-0.01168711147171489,-0.01168711147171489,-0.01168711147171489,0.07233395535713244,0.14069550206618486,0.12831174778065885,0.12831174778065885,0.13099752343189408,0.13099752343189408,0.13099752343189408,0.04939688478436505,-0.08242497542786038,-0.09779969859278279
9,Exp07: Relative Size Encoding,Average Relative Size Index,-2.1436766473925672e-05,-0.003795663360506296,2.023884007940069e-05,2.023884007940069e-05,-0.003140826476737857,0.0011821746593341231,0.00014463595289271325,0.0015319669619202614,0.05757296085357666,0.05757296085357666,0.05757296085357666,0.08986470103263855,0.05601950362324715,0.09072799235582352,0.09072799235582352,0.12194471061229706,0.12194471061229706,0.12194471061229706,0.14120857417583466,0.11515424400568008,0.1185079962015152,0.12301923334598541,0.08714167028665543,0.08714167028665543,0.08714167028665543,0.0721345990896225,0.11833904683589935,0.13101160526275635,0.13101160526275635,0.10271505266427994,0.10271505266427994,0.10271505266427994,0.09570822864770889,0.09537141770124435,0.10778077691793442,0.08391012251377106,0.04371025040745735,0.04371025040745735,0.04371025040745735,0.05282047390937805,0.07037204504013062,0.07321078330278397,0.07321078330278397,0.0467754565179348,0.0467754565179348,0.0467754565179348,0.0428447499871254,0.03439931198954582,0.034590814262628555,0.03106551803648472,0.012556186877191067,0.012556186877191067,0.012556186877191067,0.019909679889678955,0.020666643977165222,0.029329491779208183,0.029329491779208183,0.0219136830419302,0.0219136830419302,0.0219136830419302,0.01467601116746664,0.012853921391069889,0.014404211193323135,0.010064235888421535,0.016353635117411613,0.016353635117411613,0.016353635117411613,0.006275041028857231,0.01528905052691698,0.012562877498567104,0.012562877498567104,0.027121378108859062,0.027121378108859062,0.027121378108859062,0.01217234693467617,0.013783461414277554,0.016123594716191292,0.013984942808747292,-0.005945579614490271,-0.005945579614490271,-0.005945579614490271,-0.0018504878971725702,-0.003980700392276049,0.004355840850621462,0.004355840850621462,0.012421873398125172,0.012421873398125172,0.012421873398125172,0.002331825438886881,0.0051020970568060875,0.010470115579664707,0.007119553629308939,-0.024706117808818817,-0.024706117808818817,-0.024706117808818817,-0.004651542752981186,-0.00565906660631299,-0.01254485547542572,-0.01254485547542572,0.004188902210444212,0.004188902210444212,0.004188902210444212,-0.0012982491170987487,-0.00026492984034121037,0.005196710117161274,-0.0021936846897006035,-0.02507292851805687,-0.02507292851805687,-0.02507292851805687,-0.006826912518590689,-0.0038407575339078903,-0.004646173678338528,-0.004646173678338528,-0.003917627036571503,-0.003917627036571503,-0.003917627036571503,-0.006932755466550589,-0.0027342471294105053,0.0012688691494986415,0.0001552032626932487,-0.02064330503344536,-0.02064330503344536,-0.02064330503344536,-0.011559740640223026,-0.007832878269255161,-0.011070765554904938,-0.011070765554904938,0.017532652243971825,0.017532652243971825,0.017532652243971825,-0.008030395023524761,-0.0028590839356184006,0.00238863006234169,-0.0031312028877437115,-0.021439803764224052,-0.021439803764224052,-0.021439803764224052,-0.010153145529329777,-0.005036534275859594,-0.007931390777230263,-0.007931390777230263,0.006549405865371227,0.006549405865371227,0.006549405865371227,-0.011341000907123089,-0.0059211053885519505,-0.004311724100261927,0.00016974298341665417,-0.022778332233428955,-0.022778332233428955,-0.022778332233428955,-0.014294859021902084,0.01921844109892845,0.0394846647977829,0.0394846647977829,0.057909637689590454,0.057909637689590454,0.057909637689590454,-0.013632116839289665,-0.007191716227680445,-0.007119820918887854,-0.0037907154764980078,-0.0017409055726602674,-0.0017409055726602674,-0.0017409055726602674,-0.012045830488204956,0.04065420851111412,0.046590324491262436,0.046590324491262436,0.14535942673683167,0.14535942673683167,0.14535942673683167,-0.005957454442977905,-0.018885022029280663,0.0013075100723654032
10,Exp08: Surface Invariance,Average Surface Invariance Index,0.023081554099917412,0.024038322269916534,0.018743624910712242,0.018743624910712242,0.014381485059857368,0.016830123960971832,0.016283150762319565,0.01804044097661972,0.004786740057170391,0.004786740057170391,0.004786740057170391,0.006204565521329641,0.0008900790708139539,0.000949727778788656,0.000949727778788656,0.004989578388631344,0.004989578388631344,0.004989578388631344,0.0064081475138664246,0.008668901398777962,0.007350063417106867,0.005749007686972618,0.01205903384834528,0.01205903384834528,0.01205903384834528,0.01146559976041317,0.01162194088101387,0.01347703579813242,0.01347703579813242,0.012108306400477886,0.012108306400477886,0.012108306400477886,0.010838216170668602,0.011471929028630257,0.011404667980968952,0.010792180895805359,0.017220981419086456,0.017220981419086456,0.017220981419086456,0.013910236768424511,0.011003083549439907,0.014787654392421246,0.014787654392421246,0.01597241684794426,0.01597241684794426,0.01597241684794426,0.0158471018075943,0.01746724173426628,0.017718249931931496,0.02063496969640255,0.013435889966785908,0.013435889966785908,0.013435889966785908,0.01214035414159298,0.010756772011518478,0.014223509468138218,0.014223509468138218,0.01184769719839096,0.01184769719839096,0.01184769719839096,0.010954051278531551,0.010284071788191795,0.010784296318888664,0.011666223406791687,0.006413021590560675,0.006413021590560675,0.006413021590560675,0.010180083103477955,0.006175368092954159,0.009030812419950962,0.009030812419950962,0.0074416701681911945,0.0074416701681911945,0.0074416701681911945,0.006610473617911339,0.006655271630734205,0.008554160594940186,0.006950412876904011,0.0105091268196702,0.0105091268196702,0.0105091268196702,0.0055973283015191555,0.009021369740366936,0.008035475388169289,0.008035475388169289,0.00901686679571867,0.00901686679571867,0.00901686679571867,0.006758580915629864,0.006412106566131115,0.006972280330955982,0.006864472292363644,0.001171875512227416,0.001171875512227416,0.001171875512227416,0.0026718315202742815,0.005291609093546867,0.0058699664659798145,0.0058699664659798145,0.006524423602968454,0.006524423602968454,0.006524423602968454,0.004232732113450766,0.00374790420755744,0.004151960369199514,0.002998830284923315,0.003988191485404968,0.003988191485404968,0.003988191485404968,0.0035204195883125067,0.0032335391733795404,0.002153814071789384,0.002153814071789384,0.0027958401478827,0.0027958401478827,0.0027958401478827,0.0022714948281645775,0.002958061173558235,0.004597600549459457,0.00327957421541214,0.005694541614502668,0.005694541614502668,0.005694541614502668,0.0034214616753160954,0.0026821272913366556,0.0029314053244888783,0.0029314053244888783,0.002720537129789591,0.002720537129789591,0.002720537129789591,0.0030320037622004747,0.002015775302425027,0.0011597933480516076,0.0028383994940668344,0.0058756060898303986,0.0058756060898303986,0.0058756060898303986,0.0035576997324824333,0.0014286971418187022,-0.00031868269434198737,-0.00031868269434198737,0.0073896716348826885,0.0073896716348826885,0.0073896716348826885,0.0035678015556186438,0.0021407920867204666,0.002574326004832983,0.00245295581407845,0.005696364212781191,0.005696364212781191,0.005696364212781191,0.0030573003459721804,0.0053020440973341465,0.0033658724278211594,0.0033658724278211594,0.016690222546458244,0.016690222546458244,0.016690222546458244,0.003471467411145568,0.0027686466928571463,0.0046881078742444515,0.0011539212428033352,0.0011848682770505548,0.0011848682770505548,0.0011848682770505548,0.0033368514850735664,0.0046651847660541534,0.01011332031339407,0.01011332031339407,0.01233400497585535,0.01233400497585535,0.01233400497585535,0.0024159587919712067,0.015948574990034103,0.016512760892510414
11,Exp09a: 3D Processing (Condition 1),3D Processing Index,-0.004743512719869614,-0.004743447061628103,-0.004743427503854036,-0.004743427503854036,-0.0015620570629835129,-0.005287641659379005,-0.004703642800450325,-0.0060178302228450775,-0.02745233103632927,-0.02745233103632927,-0.02745233103632927,-0.015657708048820496,-0.02185727097094059,-0.020177137106657028,-0.020177137106657028,-0.033470865339040756,-0.033470865339040756,-0.033470865339040756,-0.037615373730659485,-0.04657597839832306,-0.05040017515420914,-0.048680007457733154,-0.07094252109527588,-0.07094252109527588,-0.07094252109527588,-0.07401806861162186,-0.08031004667282104,-0.07636120170354843,-0.07636120170354843,-0.08252660930156708,-0.08252660930156708,-0.08252660930156708,-0.08396696299314499,-0.08966051042079926,-0.08594024181365967,-0.11197097599506378,-0.09612815827131271,-0.09612815827131271,-0.09612815827131271,-0.11397121846675873,-0.10783060640096664,-0.08561022579669952,-0.08561022579669952,-0.1141122356057167,-0.1141122356057167,-0.1141122356057167,-0.10835294425487518,-0.12099238485097885,-0.12140469998121262,-0.1436617076396942,-0.1549023687839508,-0.1549023687839508,-0.1549023687839508,-0.13872551918029785,-0.1346782147884369,-0.08138017356395721,-0.08138017356395721,-0.08462504297494888,-0.08462504297494888,-0.08462504297494888,-0.10073976218700409,-0.1104322001338005,-0.10286534577608109,-0.1495552957057953,-0.1232704147696495,-0.1232704147696495,-0.1232704147696495,-0.13010744750499725,-0.12888285517692566,-0.06285051256418228,-0.06285051256418228,-0.0684099793434143,-0.0684099793434143,-0.0684099793434143,-0.10719500482082367,-0.121963731944561,-0.12739068269729614,-0.15787258744239807,-0.1213674545288086,-0.1213674545288086,-0.1213674545288086,-0.12528830766677856,-0.12615333497524261,-0.07224292308092117,-0.07224292308092117,-0.07817662507295609,-0.07817662507295609,-0.07817662507295609,-0.12040945887565613,-0.1335754096508026,-0.13720959424972534,-0.1711917519569397,-0.15505468845367432,-0.15505468845367432,-0.15505468845367432,-0.12067519128322601,-0.12473412603139877,-0.06562966108322144,-0.06562966108322144,-0.0745219886302948,-0.0745219886302948,-0.0745219886302948,-0.12056345492601395,-0.12635624408721924,-0.13521718978881836,-0.15638676285743713,-0.16297346353530884,-0.16297346353530884,-0.16297346353530884,-0.1186760663986206,-0.1223682165145874,-0.07434995472431183,-0.07434995472431183,-0.09448099136352539,-0.09448099136352539,-0.09448099136352539,-0.11741867661476135,-0.11884386837482452,-0.1261935979127884,-0.1356811374425888,-0.11446374654769897,-0.11446374654769897,-0.11446374654769897,-0.11613333225250244,-0.13085421919822693,-0.1374613642692566,-0.1374613642692566,-0.18817153573036194,-0.18817153573036194,-0.18817153573036194,-0.11441990733146667,-0.12546275556087494,-0.12653544545173645,-0.13817937672138214,-0.11187979578971863,-0.11187979578971863,-0.11187979578971863,-0.10532382130622864,-0.1159985214471817,-0.1474112570285797,-0.1474112570285797,-0.1256904900074005,-0.1256904900074005,-0.1256904900074005,-0.10815687477588654,-0.12175207585096359,-0.11558541655540466,-0.14535406231880188,-0.11595894396305084,-0.11595894396305084,-0.11595894396305084,-0.10717199742794037,-0.15501971542835236,-0.012094484642148018,-0.012094484642148018,-0.012682948261499405,-0.012682948261499405,-0.012682948261499405,-0.10230790078639984,-0.10919749736785889,-0.10573424398899078,-0.1366259753704071,-0.10719592869281769,-0.10719592869281769,-0.10719592869281769,-0.19649919867515564,-0.13044805824756622,-0.18312548100948334,-0.18312548100948334,0.01482856273651123,0.01482856273651123,0.01482856273651123,-0.07321494817733765,-0.18384116888046265,-0.19122962653636932
12,Exp09b: 3D Processing (Condition 2),3D Processing Index,0.003047799225896597,0.003048016456887126,0.0030480350833386183,0.0030480350833386183,0.0069442326202988625,0.00414155563339591,0.004369774833321571,0.0034346163738518953,-0.00010302639566361904,-0.00010302639566361904,-0.00010302639566361904,0.002699672942981124,0.00022969022393226624,0.0008436106145381927,0.0008436106145381927,-0.006394540425390005,-0.006394540425390005,-0.006394540425390005,-0.005435397382825613,-0.006910189054906368,-0.007210618816316128,-0.007391355931758881,-0.006308405660092831,-0.006308405660092831,-0.006308405660092831,-0.013225020840764046,-0.011847489513456821,-0.01606997661292553,-0.01606997661292553,-0.017529159784317017,-0.017529159784317017,-0.017529159784317017,-0.01862996444106102,-0.020128317177295685,-0.021895702928304672,-0.021220391616225243,-0.020865492522716522,-0.020865492522716522,-0.020865492522716522,-0.021328173577785492,-0.020344901829957962,-0.021332554519176483,-0.021332554519176483,-0.02723316103219986,-0.02723316103219986,-0.02723316103219986,-0.02279485948383808,-0.0230832789093256,-0.0252494178712368,-0.0228032935410738,-0.029517762362957,-0.029517762362957,-0.029517762362957,-0.02088230475783348,-0.020167658105492592,-0.008183933794498444,-0.008183933794498444,-0.007814113050699234,-0.007814113050699234,-0.007814113050699234,-0.01526031456887722,-0.017370108515024185,-0.013915793970227242,-0.019330309703946114,-0.010020120069384575,-0.010020120069384575,-0.010020120069384575,-0.02443149872124195,-0.027396641671657562,0.0006374102085828781,0.0006374102085828781,-0.002712376182898879,-0.002712376182898879,-0.002712376182898879,-0.01829124242067337,-0.026239454746246338,-0.02442922815680504,-0.03541169315576553,-0.047672174870967865,-0.047672174870967865,-0.047672174870967865,-0.024730779230594635,-0.027530357241630554,-0.0029877310153096914,-0.0029877310153096914,-0.005331038497388363,-0.005331038497388363,-0.005331038497388363,-0.028451409190893173,-0.029151778668165207,-0.028582900762557983,-0.047189101576805115,-0.025279205292463303,-0.025279205292463303,-0.025279205292463303,-0.03045758232474327,-0.040315501391887665,0.07541072368621826,0.07541072368621826,0.09123755246400833,0.09123755246400833,0.09123755246400833,-0.02421843260526657,-0.024333223700523376,-0.025623567402362823,-0.04418923705816269,0.0010631941258907318,0.0010631941258907318,0.0010631941258907318,-0.02385411038994789,-0.016359908506274223,0.021113038063049316,0.021113038063049316,0.01210717111825943,0.01210717111825943,0.01210717111825943,-0.021289851516485214,-0.01756379008293152,-0.01671426184475422,-0.02672114223241806,0.068060003221035,0.068060003221035,0.068060003221035,-0.014311373233795166,-0.010872814804315567,0.0012981146574020386,0.0012981146574020386,-0.04702085256576538,-0.04702085256576538,-0.04702085256576538,-0.015149902552366257,-0.0161784365773201,-0.012930434197187424,-0.024782439693808556,0.0468212366104126,0.0468212366104126,0.0468212366104126,-0.014123357832431793,-0.013203723356127739,-0.0024581970646977425,-0.0024581970646977425,0.008127842098474503,0.008127842098474503,0.008127842098474503,-0.01365357544273138,-0.01880301907658577,-0.018902823328971863,-0.02987050451338291,0.018645934760570526,0.018645934760570526,0.018645934760570526,-0.05660685896873474,-0.1067579984664917,0.05834338068962097,0.05834338068962097,0.0090524572879076,0.0090524572879076,0.0090524572879076,-0.0094335051253438,-0.012032936327159405,-0.007910973392426968,-0.02749868668615818,0.04186343774199486,0.04186343774199486,0.04186343774199486,-0.06714393198490143,-0.06324191391468048,-0.043998513370752335,-0.043998513370752335,0.12210606038570404,0.12210606038570404,0.12210606038570404,0.012917776592075825,0.02323042042553425,0.02557561919093132
13,Exp10a: Occlusion Processing (Basic),Occlusion Index,-0.34601077,-0.34601107,-0.34601104,-0.34601104,-0.35642433,-0.37645286,-0.37449223,-0.38415745,-0.37257382,-0.37257382,-0.37257382,-0.3177957,-0.34543574,-0.3323288,-0.3323288,-0.35763353,-0.35763353,-0.35763353,-0.3569015,-0.35992476,-0.35838276,-0.35760897,-0.35264075,-0.35264075,-0.35264075,-0.34686077,-0.35865313,-0.3095069,-0.3095069,-0.30435365,-0.30435365,-0.30435365,-0.30654588,-0.30203956,-0.3113435,-0.30281025,-0.22533348,-0.22533348,-0.22533348,-0.28114045,-0.2688857,-0.24460745,-0.24460745,-0.22201909,-0.22201909,-0.22201909,-0.24753359,-0.23019058,-0.23721558,-0.22468519,-0.11471926,-0.11471926,-0.11471926,-0.21143691,-0.18704993,-0.18756787,-0.18756787,-0.15678471,-0.15678471,-0.15678471,-0.21641493,-0.20962736,-0.2231295,-0.19610423,-0.1514101,-0.1514101,-0.1514101,-0.18651932,-0.17512926,-0.17491964,-0.17491964,-0.17286164,-0.17286164,-0.17286164,-0.2040698,-0.2216257,-0.23536025,-0.21976307,-0.24229935,-0.24229935,-0.24229935,-0.20426035,-0.21180567,-0.23682344,-0.23682344,-0.2308588,-0.2308588,-0.2308588,-0.22753541,-0.24052933,-0.24174327,-0.24258465,-0.31480005,-0.31480005,-0.31480005,-0.22686598,-0.21418138,-0.2563138,-0.2563138,-0.2609989,-0.2609989,-0.2609989,-0.24062806,-0.251305,-0.25624055,-0.25477988,-0.26065877,-0.26065877,-0.26065877,-0.2414207,-0.23907366,-0.23583537,-0.23583537,-0.25445527,-0.25445527,-0.25445527,-0.250729,-0.2610405,-0.26350313,-0.2737513,-0.26914537,-0.26914537,-0.26914537,-0.25123996,-0.25078818,-0.25859377,-0.25859377,-0.34667915,-0.34667915,-0.34667915,-0.26170474,-0.26809505,-0.26233837,-0.2820604,-0.24505502,-0.24505502,-0.24505502,-0.2652108,-0.27317047,-0.27532107,-0.27532107,-0.36547512,-0.36547512,-0.36547512,-0.2676999,-0.27308434,-0.2633614,-0.29240894,-0.26901063,-0.26901063,-0.26901063,-0.29520512,-0.3788967,-0.25974938,-0.25974938,-0.32716358,-0.32716358,-0.32716358,-0.27044928,-0.2768591,-0.2670768,-0.29018077,-0.2769787,-0.2769787,-0.2769787,-0.34602427,-0.27816394,-0.27694803,-0.27694803,-0.28541595,-0.28541595,-0.28541595,-0.26842058,-0.31398433,-0.3652535
14,Exp10b: Occlusion Processing (Depth Ordering),Occlusion Index,-0.012252412,-0.012252404,-0.012252412,-0.012252412,-0.11577059,-0.049209375,-0.06442212,-0.017823681,-0.11346746,-0.11346746,-0.11346746,-0.07945206,-0.051229544,-0.14856914,-0.14856914,-0.04763518,-0.04763518,-0.04763518,-0.07266566,-0.07322842,-0.0717293,-0.0687258,-0.045862135,-0.045862135,-0.045862135,-0.047336083,-0.018819114,-0.04419428,-0.04419428,-0.021869535,-0.021869535,-0.021869535,-0.018861167,-0.013136668,-0.027739353,-0.0105770435,-0.020727571,-0.020727571,-0.020727571,-0.022189999,-0.011904614,0.029482923,0.029482923,0.03310891,0.03310891,0.03310891,0.014721427,0.026505683,0.013133932,0.028984498,0.038438044,0.038438044,0.038438044,0.014752827,0.028322292,0.05358087,0.05358087,0.058757544,0.058757544,0.058757544,0.051044367,0.06448504,0.06105651,0.07625581,0.13933113,0.13933113,0.13933113,0.101251945,0.11831611,0.12355467,0.12355467,0.12565757,0.12565757,0.12565757,0.1318093,0.16456333,0.16499141,0.21148467,0.24527633,0.24527633,0.24527633,0.15979034,0.16702136,0.19961047,0.19961047,0.2025941,0.2025941,0.2025941,0.18759069,0.21164049,0.20431879,0.25173423,0.24267867,0.24267867,0.24267867,0.20145771,0.2005397,0.18369919,0.18369919,0.15154167,0.15154167,0.15154167,0.20890106,0.22338782,0.23129185,0.24860805,0.31141305,0.31141305,0.31141305,0.21683875,0.21630295,0.19823167,0.19823167,0.18043709,0.18043709,0.18043709,0.22566402,0.24207899,0.2504203,0.26116702,0.32788724,0.32788724,0.32788724,0.22965626,0.22139505,0.2545417,0.2545417,0.3057464,0.3057464,0.3057464,0.23471236,0.24781506,0.25358814,0.26216516,0.29598692,0.29598692,0.29598692,0.2370505,0.2429114,0.26812908,0.26812908,0.30286366,0.30286366,0.30286366,0.23747191,0.24081227,0.24229848,0.25093585,0.28393307,0.28393307,0.28393307,0.25091147,0.32660532,0.24533916,0.24533916,0.23317769,0.23317769,0.23317769,0.23969716,0.2425791,0.23878306,0.25503635,0.30786198,0.30786198,0.30786198,0.32036006,0.4682917,0.47580242,0.47580242,0.49272823,0.49272823,0.49272823,0.23846115,0.2789374,0.22038925
15,Exp11a: Object Parts Processing (Part Matching),Part-matching Index,0.17630276083946228,0.17630349099636078,0.17630349099636078,0.17630349099636078,0.16149088740348816,0.1708216369152069,0.16308750212192535,0.17641738057136536,0.19385159015655518,0.19385159015655518,0.19385159015655518,0.16583101451396942,0.17728456854820251,0.18533751368522644,0.18533751368522644,0.19068002700805664,0.19068002700805664,0.19068002700805664,0.17795592546463013,0.17407891154289246,0.17027415335178375,0.17489773035049438,0.15136337280273438,0.15136337280273438,0.15136337280273438,0.16436553001403809,0.16592192649841309,0.1673811376094818,0.1673811376094818,0.1546996831893921,0.1546996831893921,0.1546996831893921,0.1560528725385666,0.158525288105011,0.1590244323015213,0.1615869700908661,0.12637948989868164,0.12637948989868164,0.12637948989868164,0.1371227651834488,0.13171370327472687,0.12440283596515656,0.12440283596515656,0.10875784605741501,0.10875784605741501,0.10875784605741501,0.12455427646636963,0.13339076936244965,0.1352536529302597,0.13602405786514282,0.07682697474956512,0.07682697474956512,0.07682697474956512,0.11415974795818329,0.1089942678809166,0.09141553938388824,0.09141553938388824,0.09512798488140106,0.09512798488140106,0.09512798488140106,0.11767974495887756,0.12103919684886932,0.12182436883449554,0.13054966926574707,0.07056772708892822,0.07056772708892822,0.07056772708892822,0.10342296212911606,0.09947315603494644,0.0731426328420639,0.0731426328420639,0.06146330013871193,0.06146330013871193,0.06146330013871193,0.089933842420578,0.07088591903448105,0.058088090270757675,0.059283189475536346,0.06901481747627258,0.06901481747627258,0.06901481747627258,0.08501528948545456,0.0877414122223854,0.06271535158157349,0.06271535158157349,0.0634150505065918,0.0634150505065918,0.0634150505065918,0.07327388226985931,0.056818634271621704,0.03965076431632042,0.054537974298000336,0.02907351404428482,0.02907351404428482,0.02907351404428482,0.062124986201524734,0.06829860061407089,0.02765507809817791,0.02765507809817791,0.026225056499242783,0.026225056499242783,0.026225056499242783,0.056241776794195175,0.0463910847902298,0.03696934133768082,0.04603688418865204,0.0510973259806633,0.0510973259806633,0.0510973259806633,0.05378176271915436,0.048999302089214325,0.02606924995779991,0.02606924995779991,0.017300669103860855,0.017300669103860855,0.017300669103860855,0.05467858538031578,0.04821644723415375,0.038776420056819916,0.050777316093444824,0.017750410363078117,0.017750410363078117,0.017750410363078117,0.051304884254932404,0.04339586943387985,0.013886597007513046,0.013886597007513046,-0.01819225400686264,-0.01819225400686264,-0.01819225400686264,0.05024787038564682,0.044713541865348816,0.03258170187473297,0.04666668176651001,0.0035599330440163612,0.0035599330440163612,0.0035599330440163612,0.04544639587402344,0.03641841933131218,-0.0025719888508319855,-0.0025719888508319855,-0.012531682848930359,-0.012531682848930359,-0.012531682848930359,0.04840000718832016,0.041932251304388046,0.03309224173426628,0.04190526902675629,0.01595967635512352,0.01595967635512352,0.01595967635512352,0.03412136435508728,-0.042399439960718155,-0.0074369944632053375,-0.0074369944632053375,-0.00145682692527771,-0.00145682692527771,-0.00145682692527771,0.050830382853746414,0.04874223843216896,0.05178319662809372,0.043105803430080414,0.033544693142175674,0.033544693142175674,0.033544693142175674,0.04786109924316406,0.0045375218614935875,0.018073171377182007,0.018073171377182007,0.027766112238168716,0.027766112238168716,0.027766112238168716,0.05204424262046814,0.017858952283859253,0.008115921169519424
16,Exp11b: Object Parts Processing (Part Correlations),Natural Part Advantage,-0.0006774371877207308,-0.0006774473041102347,-0.0006774491743046784,-0.0006774491743046784,-0.0003813615630894329,-0.0005399754027991532,-0.0005203005606392308,-0.0006207059987801689,-0.00013134650612900423,-0.00013134650612900423,-0.00013134650612900423,-0.00017237588956753314,-0.0005302253337957641,-0.0004928403830689598,-0.0004928403830689598,-0.000695989733378144,-0.000695989733378144,-0.000695989733378144,-0.00031870589954385853,-0.00011381004753940882,2.756031835771111e-05,-4.3065438977252235e-05,-0.002484210231928241,-0.002484210231928241,-0.002484210231928241,-0.0011807732156935424,-0.0011326819665489207,-0.0021927943908202074,-0.0021927943908202074,-0.005027627388625944,-0.005027627388625944,-0.005027627388625944,-0.002762150658600082,-0.0018331252258488862,-0.0015152421297499608,-0.001210373009616128,-0.00029665197765849083,-0.00029665197765849083,-0.00029665197765849083,-0.002458426407284331,-0.0027212451163987073,-0.0037052241990804813,-0.0037052241990804813,-0.005983299676169285,-0.005983299676169285,-0.005983299676169285,-0.0023890924230114408,-0.001518935669091892,-0.0018476566628314872,-0.0011327681992859828,0.0050483823986982035,0.0050483823986982035,0.0050483823986982035,-0.00037801419716054774,0.002319949662486054,0.0028612096244388097,0.0028612096244388097,0.0022013136992061755,0.0022013136992061755,0.0022013136992061755,-0.00041868520115873054,0.002998710409756078,0.0008379475463605734,0.0016836361943781686,0.04420628785063563,0.04420628785063563,0.04420628785063563,0.01056789921194512,0.03247679710787632,0.02211899265407402,0.02211899265407402,0.01949310951942107,0.01949310951942107,0.01949310951942107,0.010078852153475037,0.010980803964574681,0.01045925836029915,0.009029630482550344,0.09140004805683766,0.09140004805683766,0.09140004805683766,0.03267057320947653,0.05458964834837665,0.09666754612383632,0.09666754612383632,0.08899818464217957,0.08899818464217957,0.08899818464217957,0.038707860835491936,0.040516910766993486,0.03369015075296222,0.02942428771680261,0.10297372092781376,0.10297372092781376,0.10297372092781376,0.05679354346502841,0.06522368110469878,0.1093896242633089,0.1093896242633089,0.052603396234009114,0.052603396234009114,0.052603396234009114,0.0518861932995941,0.06504034858324492,0.049315055888444204,0.06590767455083024,0.08731359433631836,0.08731359433631836,0.08731359433631836,0.0648142507098396,0.06762836475379708,0.10218836486921223,0.10218836486921223,0.07849666832954227,0.07849666832954227,0.07849666832954227,0.06602944514006981,0.0651824211820049,0.04805861119339816,0.05488674164038332,-0.12556143626773952,-0.12556143626773952,-0.12556143626773952,0.06713127143187081,0.07545393059254857,0.015768242047640046,0.015768242047640046,-0.03458049749864345,-0.03458049749864345,-0.03458049749864345,0.0674922398054183,0.07937623741570732,0.05804923332357903,0.06562861267015996,0.01138874914342558,0.01138874914342558,0.01138874914342558,0.08141765013537472,0.07095052786854272,-0.013178899677100397,-0.013178899677100397,-0.11183432090871692,-0.11183432090871692,-0.11183432090871692,0.0678984583594221,0.07006027787553648,0.04962656272126598,0.06206840479807496,-0.1617581174127002,-0.1617581174127002,-0.1617581174127002,0.21598150687695672,-0.016682457463120137,-0.1636274522930823,-0.1636274522930823,-0.19819168804729326,-0.19819168804729326,-0.19819168804729326,0.06905076136082045,0.07744925792706303,0.06746567678906201,0.061995257509859125,-0.002654036978391505,-0.002654036978391505,-0.002654036978391505,0.0666780135160715,0.09251386026416974,0.06371477064835307,0.06371477064835307,0.0751946152860592,0.0751946152860592,0.0751946152860592,0.08203492420399217,0.010049470174652742,0.006137799624612916
17,Exp12: Global-Local Shape Processing,Global Advantage Index,0.00679843919351697,0.00679843919351697,0.00679843919351697,0.00679843919351697,0.05396242439746857,0.03451327607035637,0.035825617611408234,0.025660308077931404,0.2705024480819702,0.2705024480819702,0.2705024480819702,0.04179967939853668,0.066269651055336,0.0609499029815197,0.0609499029815197,0.12884913384914398,0.12884913384914398,0.12884913384914398,0.1575358659029007,0.3032929599285126,0.3215769827365875,0.33774182200431824,0.15521061420440674,0.15521061420440674,0.15521061420440674,0.15044456720352173,0.21955867111682892,0.13151255249977112,0.13151255249977112,0.146529421210289,0.146529421210289,0.146529421210289,0.20097476243972778,0.2747756838798523,0.26504966616630554,0.30792537331581116,0.11998507380485535,0.11998507380485535,0.11998507380485535,0.15406569838523865,0.16979405283927917,0.12882068753242493,0.12882068753242493,0.11694486439228058,0.11694486439228058,0.11694486439228058,0.16857704520225525,0.22461286187171936,0.22375307977199554,0.24581241607666016,0.03560205176472664,0.03560205176472664,0.03560205176472664,0.11792003363370895,0.10322438180446625,0.09654856473207474,0.09654856473207474,0.08624095469713211,0.08624095469713211,0.08624095469713211,0.15330851078033447,0.22245873510837555,0.2139694094657898,0.2325066775083542,-0.00860007293522358,-0.00860007293522358,-0.00860007293522358,0.11945093423128128,0.12136730551719666,0.08803222328424454,0.08803222328424454,0.0772441104054451,0.0772441104054451,0.0772441104054451,0.14348295331001282,0.2055070400238037,0.21484936773777008,0.2263859361410141,-0.12204820662736893,-0.12204820662736893,-0.12204820662736893,0.08368711918592453,0.07563430070877075,0.032114021480083466,0.032114021480083466,0.02367575652897358,0.02367575652897358,0.02367575652897358,0.086089126765728,0.13593684136867523,0.13003715872764587,0.175540953874588,-0.25862953066825867,-0.25862953066825867,-0.25862953066825867,0.04067770019173622,0.04984169080853462,-0.034865859895944595,-0.034865859895944595,-0.04884295538067818,-0.04884295538067818,-0.04884295538067818,0.02807711996138096,0.04985855519771576,0.04637277126312256,0.07448810338973999,-0.281114399433136,-0.281114399433136,-0.281114399433136,0.006642078515142202,-0.0059234220534563065,-0.022565104067325592,-0.022565104067325592,-0.043632131069898605,-0.043632131069898605,-0.043632131069898605,0.014754777774214745,0.027559522539377213,0.016825364902615547,0.07818134874105453,-0.32877299189567566,-0.32877299189567566,-0.32877299189567566,0.001790739712305367,-0.01274130679666996,-0.03685537353157997,-0.03685537353157997,-0.045291174203157425,-0.045291174203157425,-0.045291174203157425,0.00787403341382742,0.020584983751177788,0.0060191284865140915,0.06813179701566696,-0.32774144411087036,-0.32774144411087036,-0.32774144411087036,-0.007294530980288982,-0.0021197451278567314,-0.014337538741528988,-0.014337538741528988,-0.003662685165181756,-0.003662685165181756,-0.003662685165181756,0.0033911329228430986,0.009400972165167332,-0.00207570381462574,0.058696188032627106,-0.3277544677257538,-0.3277544677257538,-0.3277544677257538,0.021556610241532326,-0.007699478417634964,0.05330443009734154,0.05330443009734154,0.07256724685430527,0.07256724685430527,0.07256724685430527,0.0068887206725776196,0.011642156168818474,-0.0020272524561733007,0.044810499995946884,-0.28666451573371887,-0.28666451573371887,-0.28666451573371887,0.11935282498598099,-0.11388957500457764,-0.035610850900411606,-0.035610850900411606,-0.1346820443868637,-0.1346820443868637,-0.1346820443868637,0.013887610286474228,-0.47238799929618835,-0.4588746428489685
