,expt_name,expt_y_label,stem_0,stem_1,stages_0_downsample,stages_0_blocks_0_conv_dw,stages_0_blocks_0_norm,stages_0_blocks_0_mlp_fc1,stages_0_blocks_0_mlp_act,stages_0_blocks_0_mlp_norm,stages_0_blocks_0_mlp_fc2,stages_0_blocks_0_shortcut,stages_0_blocks_0_drop_path,stages_0_blocks_1_conv_dw,stages_0_blocks_1_norm,stages_0_blocks_1_mlp_fc1,stages_0_blocks_1_mlp_act,stages_0_blocks_1_mlp_norm,stages_0_blocks_1_mlp_fc2,stages_0_blocks_1_shortcut,stages_0_blocks_1_drop_path,stages_0_blocks_2_conv_dw,stages_0_blocks_2_norm,stages_0_blocks_2_mlp_fc1,stages_0_blocks_2_mlp_act,stages_0_blocks_2_mlp_norm,stages_0_blocks_2_mlp_fc2,stages_0_blocks_2_shortcut,stages_0_blocks_2_drop_path,stages_1_downsample_0,stages_1_downsample_1,stages_1_blocks_0_conv_dw,stages_1_blocks_0_norm,stages_1_blocks_0_mlp_fc1,stages_1_blocks_0_mlp_act,stages_1_blocks_0_mlp_norm,stages_1_blocks_0_mlp_fc2,stages_1_blocks_0_shortcut,stages_1_blocks_0_drop_path,stages_1_blocks_1_conv_dw,stages_1_blocks_1_norm,stages_1_blocks_1_mlp_fc1,stages_1_blocks_1_mlp_act,stages_1_blocks_1_mlp_norm,stages_1_blocks_1_mlp_fc2,stages_1_blocks_1_shortcut,stages_1_blocks_1_drop_path,stages_1_blocks_2_conv_dw,stages_1_blocks_2_norm,stages_1_blocks_2_mlp_fc1,stages_1_blocks_2_mlp_act,stages_1_blocks_2_mlp_norm,stages_1_blocks_2_mlp_fc2,stages_1_blocks_2_shortcut,stages_1_blocks_2_drop_path,stages_2_downsample_0,stages_2_downsample_1,stages_2_blocks_0_conv_dw,stages_2_blocks_0_norm,stages_2_blocks_0_mlp_fc1,stages_2_blocks_0_mlp_act,stages_2_blocks_0_mlp_norm,stages_2_blocks_0_mlp_fc2,stages_2_blocks_0_shortcut,stages_2_blocks_0_drop_path,stages_2_blocks_1_conv_dw,stages_2_blocks_1_norm,stages_2_blocks_1_mlp_fc1,stages_2_blocks_1_mlp_act,stages_2_blocks_1_mlp_norm,stages_2_blocks_1_mlp_fc2,stages_2_blocks_1_shortcut,stages_2_blocks_1_drop_path,stages_2_blocks_2_conv_dw,stages_2_blocks_2_norm,stages_2_blocks_2_mlp_fc1,stages_2_blocks_2_mlp_act,stages_2_blocks_2_mlp_norm,stages_2_blocks_2_mlp_fc2,stages_2_blocks_2_shortcut,stages_2_blocks_2_drop_path,stages_2_blocks_3_conv_dw,stages_2_blocks_3_norm,stages_2_blocks_3_mlp_fc1,stages_2_blocks_3_mlp_act,stages_2_blocks_3_mlp_norm,stages_2_blocks_3_mlp_fc2,stages_2_blocks_3_shortcut,stages_2_blocks_3_drop_path,stages_2_blocks_4_conv_dw,stages_2_blocks_4_norm,stages_2_blocks_4_mlp_fc1,stages_2_blocks_4_mlp_act,stages_2_blocks_4_mlp_norm,stages_2_blocks_4_mlp_fc2,stages_2_blocks_4_shortcut,stages_2_blocks_4_drop_path,stages_2_blocks_5_conv_dw,stages_2_blocks_5_norm,stages_2_blocks_5_mlp_fc1,stages_2_blocks_5_mlp_act,stages_2_blocks_5_mlp_norm,stages_2_blocks_5_mlp_fc2,stages_2_blocks_5_shortcut,stages_2_blocks_5_drop_path,stages_2_blocks_6_conv_dw,stages_2_blocks_6_norm,stages_2_blocks_6_mlp_fc1,stages_2_blocks_6_mlp_act,stages_2_blocks_6_mlp_norm,stages_2_blocks_6_mlp_fc2,stages_2_blocks_6_shortcut,stages_2_blocks_6_drop_path,stages_2_blocks_7_conv_dw,stages_2_blocks_7_norm,stages_2_blocks_7_mlp_fc1,stages_2_blocks_7_mlp_act,stages_2_blocks_7_mlp_norm,stages_2_blocks_7_mlp_fc2,stages_2_blocks_7_shortcut,stages_2_blocks_7_drop_path,stages_2_blocks_8_conv_dw,stages_2_blocks_8_norm,stages_2_blocks_8_mlp_fc1,stages_2_blocks_8_mlp_act,stages_2_blocks_8_mlp_norm,stages_2_blocks_8_mlp_fc2,stages_2_blocks_8_shortcut,stages_2_blocks_8_drop_path,stages_2_blocks_9_conv_dw,stages_2_blocks_9_norm,stages_2_blocks_9_mlp_fc1,stages_2_blocks_9_mlp_act,stages_2_blocks_9_mlp_norm,stages_2_blocks_9_mlp_fc2,stages_2_blocks_9_shortcut,stages_2_blocks_9_drop_path,stages_2_blocks_10_conv_dw,stages_2_blocks_10_norm,stages_2_blocks_10_mlp_fc1,stages_2_blocks_10_mlp_act,stages_2_blocks_10_mlp_norm,stages_2_blocks_10_mlp_fc2,stages_2_blocks_10_shortcut,stages_2_blocks_10_drop_path,stages_2_blocks_11_conv_dw,stages_2_blocks_11_norm,stages_2_blocks_11_mlp_fc1,stages_2_blocks_11_mlp_act,stages_2_blocks_11_mlp_norm,stages_2_blocks_11_mlp_fc2,stages_2_blocks_11_shortcut,stages_2_blocks_11_drop_path,stages_2_blocks_12_conv_dw,stages_2_blocks_12_norm,stages_2_blocks_12_mlp_fc1,stages_2_blocks_12_mlp_act,stages_2_blocks_12_mlp_norm,stages_2_blocks_12_mlp_fc2,stages_2_blocks_12_shortcut,stages_2_blocks_12_drop_path,stages_2_blocks_13_conv_dw,stages_2_blocks_13_norm,stages_2_blocks_13_mlp_fc1,stages_2_blocks_13_mlp_act,stages_2_blocks_13_mlp_norm,stages_2_blocks_13_mlp_fc2,stages_2_blocks_13_shortcut,stages_2_blocks_13_drop_path,stages_2_blocks_14_conv_dw,stages_2_blocks_14_norm,stages_2_blocks_14_mlp_fc1,stages_2_blocks_14_mlp_act,stages_2_blocks_14_mlp_norm,stages_2_blocks_14_mlp_fc2,stages_2_blocks_14_shortcut,stages_2_blocks_14_drop_path,stages_2_blocks_15_conv_dw,stages_2_blocks_15_norm,stages_2_blocks_15_mlp_fc1,stages_2_blocks_15_mlp_act,stages_2_blocks_15_mlp_norm,stages_2_blocks_15_mlp_fc2,stages_2_blocks_15_shortcut,stages_2_blocks_15_drop_path,stages_2_blocks_16_conv_dw,stages_2_blocks_16_norm,stages_2_blocks_16_mlp_fc1,stages_2_blocks_16_mlp_act,stages_2_blocks_16_mlp_norm,stages_2_blocks_16_mlp_fc2,stages_2_blocks_16_shortcut,stages_2_blocks_16_drop_path,stages_2_blocks_17_conv_dw,stages_2_blocks_17_norm,stages_2_blocks_17_mlp_fc1,stages_2_blocks_17_mlp_act,stages_2_blocks_17_mlp_norm,stages_2_blocks_17_mlp_fc2,stages_2_blocks_17_shortcut,stages_2_blocks_17_drop_path,stages_2_blocks_18_conv_dw,stages_2_blocks_18_norm,stages_2_blocks_18_mlp_fc1,stages_2_blocks_18_mlp_act,stages_2_blocks_18_mlp_norm,stages_2_blocks_18_mlp_fc2,stages_2_blocks_18_shortcut,stages_2_blocks_18_drop_path,stages_2_blocks_19_conv_dw,stages_2_blocks_19_norm,stages_2_blocks_19_mlp_fc1,stages_2_blocks_19_mlp_act,stages_2_blocks_19_mlp_norm,stages_2_blocks_19_mlp_fc2,stages_2_blocks_19_shortcut,stages_2_blocks_19_drop_path,stages_2_blocks_20_conv_dw,stages_2_blocks_20_norm,stages_2_blocks_20_mlp_fc1,stages_2_blocks_20_mlp_act,stages_2_blocks_20_mlp_norm,stages_2_blocks_20_mlp_fc2,stages_2_blocks_20_shortcut,stages_2_blocks_20_drop_path,stages_2_blocks_21_conv_dw,stages_2_blocks_21_norm,stages_2_blocks_21_mlp_fc1,stages_2_blocks_21_mlp_act,stages_2_blocks_21_mlp_norm,stages_2_blocks_21_mlp_fc2,stages_2_blocks_21_shortcut,stages_2_blocks_21_drop_path,stages_2_blocks_22_conv_dw,stages_2_blocks_22_norm,stages_2_blocks_22_mlp_fc1,stages_2_blocks_22_mlp_act,stages_2_blocks_22_mlp_norm,stages_2_blocks_22_mlp_fc2,stages_2_blocks_22_shortcut,stages_2_blocks_22_drop_path,stages_2_blocks_23_conv_dw,stages_2_blocks_23_norm,stages_2_blocks_23_mlp_fc1,stages_2_blocks_23_mlp_act,stages_2_blocks_23_mlp_norm,stages_2_blocks_23_mlp_fc2,stages_2_blocks_23_shortcut,stages_2_blocks_23_drop_path,stages_2_blocks_24_conv_dw,stages_2_blocks_24_norm,stages_2_blocks_24_mlp_fc1,stages_2_blocks_24_mlp_act,stages_2_blocks_24_mlp_norm,stages_2_blocks_24_mlp_fc2,stages_2_blocks_24_shortcut,stages_2_blocks_24_drop_path,stages_2_blocks_25_conv_dw,stages_2_blocks_25_norm,stages_2_blocks_25_mlp_fc1,stages_2_blocks_25_mlp_act,stages_2_blocks_25_mlp_norm,stages_2_blocks_25_mlp_fc2,stages_2_blocks_25_shortcut,stages_2_blocks_25_drop_path,stages_2_blocks_26_conv_dw,stages_2_blocks_26_norm,stages_2_blocks_26_mlp_fc1,stages_2_blocks_26_mlp_act,stages_2_blocks_26_mlp_norm,stages_2_blocks_26_mlp_fc2,stages_2_blocks_26_shortcut,stages_2_blocks_26_drop_path,stages_3_downsample_0,stages_3_downsample_1,stages_3_blocks_0_conv_dw,stages_3_blocks_0_norm,stages_3_blocks_0_mlp_fc1,stages_3_blocks_0_mlp_act,stages_3_blocks_0_mlp_norm,stages_3_blocks_0_mlp_fc2,stages_3_blocks_0_shortcut,stages_3_blocks_0_drop_path,stages_3_blocks_1_conv_dw,stages_3_blocks_1_norm,stages_3_blocks_1_mlp_fc1,stages_3_blocks_1_mlp_act,stages_3_blocks_1_mlp_norm,stages_3_blocks_1_mlp_fc2,stages_3_blocks_1_shortcut,stages_3_blocks_1_drop_path,stages_3_blocks_2_conv_dw,stages_3_blocks_2_norm,stages_3_blocks_2_mlp_fc1,stages_3_blocks_2_mlp_act,stages_3_blocks_2_mlp_norm,stages_3_blocks_2_mlp_fc2,stages_3_blocks_2_shortcut,stages_3_blocks_2_drop_path,norm_pre,head_global_pool_pool,head_global_pool_flatten,head_norm,head_flatten,head_pre_logits,head_fc
1,Exp01: Thatcher Index,Thatcher Index,0.003649133,0.000115926,0.000115926,-0.001295591,-0.001163926,-0.001259936,-0.000800363,-0.000800363,0.000863227,0.000115926,-0.002009231,-0.002127971,-0.001521012,-0.001332602,-0.002116249,-0.002116249,0.00049496,-0.002251972,5.24E-05,-1.08E-05,0.000790397,9.40E-05,0.002847814,0.002847814,0.001967314,-0.000235065,0.003589815,-0.000400051,0.000777985,0.000883423,-0.002066861,-0.003157563,-0.001378955,-0.001378955,-0.000600455,0.000777985,-0.005420618,-0.001345406,-0.001879794,-0.002405208,0.002186038,0.002186038,0.0002091,-0.0012308,-0.004114165,-0.000427752,-0.004895785,-0.004352603,-0.002460785,-0.002460785,-0.002633837,-0.004371999,-0.0024501,0.005994685,0.00811513,0.007009652,0.000804373,0.002301337,0.009747883,0.009747883,0.014196623,0.00811513,0.016620422,0.007208273,0.001584814,0.002220957,0.003508528,0.003508528,0.003569005,0.006971316,0.003243024,0.008268302,-0.001246013,-0.000845792,0.002424548,0.002424548,0.003882738,0.006995796,0.004222205,0.007628065,-0.001230277,4.39E-05,-0.000953075,-0.000953075,0.00441423,0.007382967,0.007343746,0.012163136,-0.001865713,0.000124479,-0.006416391,-0.006416391,-0.008945757,0.009125483,-0.006490248,0.017599201,-0.000736375,0.003541568,0.023874882,0.023874882,0.033177015,0.010073521,0.034295097,0.033962534,-0.002756356,-0.003507308,-0.004006728,-0.004006728,0.00034565,0.02349123,-0.000321747,0.036485725,-0.013614358,-0.01055694,-0.015869528,-0.015869528,-0.00528404,0.022737863,0.010303535,0.053378092,-0.015651021,-0.009081788,-0.027952593,-0.027952593,-0.030089655,0.025347209,-0.030137059,0.024688302,-0.013343979,-0.010903885,-0.032798482,-0.032798482,-0.034922673,0.020253429,-0.035063023,0.032180947,-0.040299666,-0.03734932,-0.046144439,-0.046144439,-0.037190387,0.016054732,-0.022797166,0.017209405,-0.061650635,-0.05792845,-0.078650972,-0.078650972,-0.075396369,0.008334865,-0.065983926,0.007075815,-0.076175632,-0.074007465,-0.077237717,-0.077237717,-0.066755409,-0.008373203,-0.054615625,-0.007531742,-0.115309806,-0.115671199,-0.177662802,-0.177662802,-0.171941976,-0.016720977,-0.153379527,-0.045688692,-0.102084453,-0.097819074,-0.141391589,-0.141391589,-0.139635282,-0.046973155,-0.143021825,-0.072865868,-0.109399762,-0.103421032,-0.135499692,-0.135499692,-0.134015812,-0.073285235,-0.110363528,-0.084211706,-0.103285412,-0.101996141,-0.160298513,-0.160298513,-0.16579158,-0.077899291,-0.156046058,-0.093113887,-0.132266521,-0.135239722,-0.216926833,-0.216926833,-0.217286563,-0.087263383,-0.145727953,-0.105225542,-0.13701548,-0.134230177,-0.195793882,-0.195793882,-0.192978677,-0.092673868,-0.17991608,-0.122295199,-0.134268342,-0.132367247,-0.19800424,-0.19800424,-0.190861454,-0.09800466,-0.130069331,-0.135375468,-0.145354431,-0.151473337,-0.236216443,-0.236216443,-0.236566518,-0.099505663,-0.05264317,-0.153848798,-0.144093853,-0.148161665,-0.230183075,-0.230183075,-0.225767662,-0.076869681,-0.057978189,-0.177250862,-0.138049513,-0.142840454,-0.236501968,-0.236501968,-0.23506824,-0.058131685,-0.047302161,-0.183499148,-0.134182607,-0.132152447,-0.246956728,-0.246956728,-0.243657194,-0.042522604,-0.195854906,-0.184241798,-0.16513839,-0.171577391,-0.25545476,-0.25545476,-0.258445755,-0.052284387,-0.217189974,-0.197557356,-0.165416894,-0.173750674,-0.270242587,-0.270242587,-0.273334541,-0.072840334,-0.240528953,-0.215785982,-0.164997541,-0.160934797,-0.237681429,-0.237681429,-0.23675458,-0.104614324,-0.168617288,-0.191674177,-0.234843736,-0.264728653,-0.191016872,-0.18424301,-0.319468519,-0.319468519,-0.323268473,-0.234843736,-0.357895998,-0.30999107,-0.202080345,-0.191599274,-0.334973008,-0.334973008,-0.334878108,-0.277221715,-0.348825466,-0.349992625,-0.188351534,-0.183257682,-0.244555071,-0.244555071,-0.248425267,-0.317756157,-0.275365348,-0.312865368,-0.345818075,-0.345818075,-0.282490481,-0.282490481,-0.282490481,-0.259559903
2,Exp02: Mirror Confusion,Mirror Confusion Index,0.000178575,-0.00049312,-0.00049312,0.001272184,0.001305491,0.000996245,0.000209986,0.000209986,0.00060958,-0.00049312,0.001489845,-0.001666781,-0.002118483,-0.002558763,-0.003171728,-0.003171728,-0.00273722,0.001391523,-0.001637533,-0.00039039,-9.13E-05,-6.41E-05,-0.000160213,-0.000160213,-0.000802188,-2.65E-05,-0.001240356,1.78E-05,-0.000240837,-0.004305861,-0.00408904,-0.005039647,-0.002988302,-0.002988302,-0.002147982,-0.000240837,0.000971991,4.87E-05,0.001122818,0.00175329,0.00125488,0.00125488,0.000692629,-0.000278429,-0.005574428,-0.006773056,-0.004221819,-0.005151508,-0.004817473,-0.004817473,-0.005365381,-0.003500661,-0.005931772,0.001365196,0.002974622,0.010150003,0.006881818,0.004538383,0.001697335,0.001697335,0.001045477,0.002974622,0.000684296,0.004082787,-0.001287885,0.001888752,0.001318726,0.001318726,0.001992221,0.003087529,0.000939684,-0.003449359,-0.005188344,-0.004915765,-0.001301053,-0.001301053,0.001324259,0.003196292,0.000819141,-0.005819519,-0.013823049,-0.015995395,-0.006943625,-0.006943625,-0.003712418,0.00378895,-0.005348117,0.026806461,0.021844996,0.02441185,0.013714149,0.013714149,0.013161966,0.00302493,0.01321648,0.009557659,0.003844191,0.003338151,0.000569167,0.000569167,-0.00097268,0.004715786,-0.001161457,0.005995067,-0.007010129,-0.007975831,0.000815208,0.000815208,0.003607937,0.003500115,0.001698111,0.014644385,0.004496902,0.000805198,0.000229304,0.000229304,-0.000476751,0.004361391,-0.000957009,0.015694184,0.00394599,0.002623408,0.00229806,0.00229806,0.002742789,0.003893593,0.001816111,-0.034537242,-0.034708039,-0.040165449,-0.015036667,-0.015036667,-0.007659514,0.003558198,-0.012165792,0.035102041,0.028277064,0.03371329,0.024171966,0.024171966,0.023697567,0.004120302,0.022737474,0.038628442,0.033126476,0.037287106,0.024011533,0.024011533,0.023689299,0.006960727,0.024877904,0.033492908,0.017802842,0.014214273,0.011684254,0.011684254,0.010750456,0.008628614,-0.015502377,0.033751433,0.018645044,0.018742131,0.013091112,0.013091112,0.012763519,-0.001683511,0.017383093,0.020736168,0.008130132,0.006315654,0.004776137,0.004776137,0.004232333,0.001440408,0.000326421,0.032326087,0.015230202,0.013524567,0.007942153,0.007942153,0.007939809,-0.000328744,0.004536952,-0.00294791,-0.004302905,-0.00849333,0.007676662,0.007676662,0.009367646,0.000233878,-0.002432194,0.044658772,0.028594954,0.023459028,0.020360371,0.020360371,0.019008312,-0.000659771,-0.013803491,0.043797367,0.031317288,0.031200725,0.018881185,0.018881185,0.018422504,-0.008495073,0.018367916,0.037510932,0.023421088,0.020671224,0.01335805,0.01335805,0.010936457,-0.006121791,-0.018950849,0.041556542,0.027150981,0.024545267,0.019273781,0.019273781,0.016178137,-0.012107974,-0.014892761,0.046186431,0.030260885,0.027778733,0.023652719,0.023652719,0.023540357,-0.016795899,-0.002695731,0.045874465,0.029817141,0.028805944,0.027819305,0.027819305,0.027656422,-0.014568526,0.007416552,0.05103436,0.035540174,0.033539373,0.029000648,0.029000648,0.028639494,-0.011966549,0.035258274,0.064186432,0.046458118,0.049501058,0.053608484,0.053608484,0.05821034,-0.007178389,0.038114707,0.067862615,0.0516182,0.052525052,0.057613625,0.057613625,0.052371103,0.002018908,0.027594277,0.076717,0.053385598,0.051509818,0.053698072,0.053698072,0.037313259,0.00822512,0.014072913,0.048386474,0.07662389,0.166420301,0.119764813,0.110917074,0.10787543,0.10787543,0.112677938,0.07662389,0.124429235,0.173102555,0.115305488,0.100605826,0.11853035,0.11853035,0.119879468,0.088694294,0.122447057,0.186855204,0.118453395,0.099038237,0.124573608,0.124573608,0.128350805,0.10171356,0.130377804,0.110155629,0.493653544,0.493653544,0.491050334,0.491050334,0.491050334,0.477857386
3,Exp03: Scene Incongruence,,"[{'c_top5_acc_mean': 0.85, 'c_top5_acc_se': 0.05645794895318108, 'c_top1_acc_mean': 0.6, 'c_top1_acc_se': 0.07745966692414834, 'i_top5_acc_mean': 0.75, 'i_top5_acc_se': 0.06846531968814576, 'i_top1_acc_mean': 0.55, 'i_top1_acc_se': 0.07866066361276136}]",,,,,,,,,,,,,,,,,,,,,,,,,,,,,,,,,,,,,,,,,,,,,,,,,,,,,,,,,,,,,,,,,,,,,,,,,,,,,,,,,,,,,,,,,,,,,,,,,,,,,,,,,,,,,,,,,,,,,,,,,,,,,,,,,,,,,,,,,,,,,,,,,,,,,,,,,,,,,,,,,,,,,,,,,,,,,,,,,,,,,,,,,,,,,,,,,,,,,,,,,,,,,,,,,,,,,,,,,,,,,,,,,,,,,,,,,,,,,,,,,,,,,,,,,,,,,,,,,,,,,,,,,,,,,,,,,,,,,,,,,,,,,,,,,,,,,,,,,,,,,,,
4,Exp04a: Multiple Object Normalisation (Pairs),Estimated Slope,,1.000000005,1.000000005,,0.540853827,0.469933052,0.60656026,0.60656026,0.540899707,1.000000005,0.530485587,0.584918851,0.468823664,0.481046481,0.52231873,0.52231873,0.509984215,0.530721872,0.527067329,0.893030535,0.520202092,0.543980708,0.461036193,0.461036193,0.531184186,0.517068098,0.529686697,0.515400149,0.514343575,0.570797166,0.464245877,0.52285473,0.47256471,0.47256471,0.477660722,0.514343575,0.479531218,0.559565223,0.455234132,0.514381289,0.450001555,0.450001555,0.45485855,0.481881983,0.45749498,0.712494765,0.558502501,0.571057474,0.410605,0.410605,0.436179879,0.46797885,0.438484669,0.994667821,0.764079195,0.605833784,0.568904974,0.53687328,0.548955296,0.548955296,0.570039591,0.764079195,0.4799031,0.595285634,0.493869357,0.525581399,0.514708788,0.514708788,0.616571598,0.805433286,0.551929594,0.739712168,0.511409974,0.524497255,0.494322773,0.494322773,0.663415646,0.79942978,0.720316211,0.618989083,0.492581441,0.499363436,0.495579815,0.495579815,0.61054332,0.778722339,0.588008245,0.66047556,0.433113091,0.50735767,0.5198285,0.5198285,0.675204048,0.726849609,0.665056421,0.612313868,0.419827014,0.507576857,0.585601692,0.585601692,0.737744416,0.715573477,0.720051011,0.609311062,0.508805519,0.515463309,0.593736079,0.593736079,0.606567725,0.721293381,0.480022411,0.57789144,0.427415891,0.4894826,0.467272544,0.467272544,0.618326773,0.683553791,0.626580842,0.552126034,0.434758755,0.48259247,0.422618834,0.422618834,0.548100646,0.638762903,0.569451499,0.594424402,0.451681093,0.506318336,0.499397767,0.499397767,0.644273264,0.610938343,0.581449607,0.525858074,0.437265912,0.519434551,0.595422512,0.595422512,0.690418894,0.60358892,0.537532331,0.532581269,0.429390872,0.521487618,0.55689042,0.55689042,0.700096147,0.583186842,0.50054577,0.528320211,0.431438411,0.498257633,0.495207106,0.495207106,0.539740086,0.547696054,0.500863215,0.54277299,0.43787625,0.521185812,0.523554925,0.523554925,0.584628267,0.510761566,0.482162611,0.555815146,0.435619923,0.518876317,0.747271551,0.747271551,0.676024243,0.502536945,0.51613345,0.557532287,0.432079636,0.525783864,0.457931766,0.457931766,0.505631464,0.504354339,0.457490029,0.577295135,0.455640929,0.533872241,0.747990961,0.747990961,0.68313771,0.491762682,0.515873988,0.538382097,0.423128621,0.511891151,0.451105717,0.451105717,0.487591769,0.493656226,0.478828807,0.556274635,0.452686967,0.554692367,0.568467698,0.568467698,0.519787355,0.488278957,0.471195789,0.555055156,0.438306081,0.535528987,0.489919947,0.489919947,0.486547281,0.486153106,0.466407425,0.544561523,0.444415107,0.53210152,0.535673827,0.535673827,0.508556788,0.481173509,0.499169692,0.53850293,0.446488588,0.528726958,0.506920567,0.506920567,0.49359987,0.485410254,0.487830651,0.536669778,0.445951655,0.533081184,0.508680342,0.508680342,0.491265285,0.485733312,0.483672342,0.531608399,0.453203912,0.549512408,0.505723721,0.505723721,0.50434158,0.485130745,0.482216495,0.522055378,0.460065147,0.536757305,0.475696269,0.475696269,0.498693507,0.484792962,0.481530241,0.515077946,0.47503388,0.524436927,0.505452707,0.505452707,0.482406451,0.484402018,0.480246594,0.511416325,0.482012621,0.52410203,0.452140158,0.452140158,0.453164435,0.483645592,0.453090268,0.84576916,0.629208209,0.507848705,0.50137128,0.550838062,0.564884562,0.564884562,0.599633657,0.629208209,0.621739734,0.507068874,0.50743266,0.546892134,0.71097473,0.71097473,0.634164942,0.600770096,0.64716753,0.515202479,0.504239118,0.528004373,0.666554789,0.666554789,0.663362764,0.597843497,0.640407295,0.593522428,0.526811431,0.526811431,,,,0.681985807
5,Exp04b: Multiple Object Normalisation (Triplets),Estimated Slope,,1.000000004,1.000000004,,0.335959083,0.263213602,0.386713317,0.386713317,0.335294074,1.000000004,0.356621195,0.391931036,0.237241475,0.275635804,0.194453923,0.194453923,0.272052935,0.356363703,0.35424154,0.814115322,0.29509733,0.335462447,0.134859514,0.134859514,0.32360339,0.352441102,0.345017166,0.24473584,0.322486776,0.367455802,0.217149718,0.303707798,0.198937754,0.198937754,0.271363011,0.322486776,0.302161568,0.36036736,0.20137617,0.297867154,0.124992232,0.124992232,0.233416289,0.305353409,0.263977678,0.524400137,0.304828024,0.34257619,0.1098734,0.1098734,0.221743507,0.284118342,0.238440525,0.98972263,0.616069463,0.43622146,0.325965511,0.323617873,0.195424559,0.195424559,0.336697141,0.616069463,0.145069805,0.417372125,0.25527209,0.302448899,0.254740997,0.254740997,0.393787079,0.664337695,0.279256337,0.561119622,0.240484094,0.296058113,0.256311044,0.256311044,0.457050711,0.648713292,0.529513718,0.444451832,0.245867692,0.280808333,0.178050404,0.178050404,0.373314472,0.622017148,0.326606379,0.460603135,0.179686511,0.278407082,0.266994801,0.266994801,0.492852185,0.551322553,0.501199243,0.41973439,0.179877961,0.277349106,0.315615681,0.315615681,0.56464896,0.545308974,0.545848926,0.43334495,0.301559777,0.312694874,0.317210405,0.317210405,0.400270047,0.555783158,0.269970776,0.398663553,0.20738341,0.275991855,0.200046977,0.200046977,0.401312135,0.511004225,0.441746033,0.373330806,0.218144598,0.275078876,0.185623977,0.185623977,0.320748127,0.461384221,0.376560062,0.42505178,0.246041673,0.302465429,0.230893887,0.230893887,0.448925063,0.431166793,0.407931245,0.333773269,0.221165349,0.313176608,0.363598016,0.363598016,0.519491994,0.4266869,0.363831867,0.34776197,0.226754681,0.323926547,0.333685622,0.333685622,0.525682114,0.412784969,0.324669668,0.350200182,0.225789914,0.300194837,0.265976839,0.265976839,0.349246244,0.38082206,0.322627486,0.360479443,0.237229679,0.319589646,0.30236234,0.30236234,0.402934654,0.338174515,0.310905655,0.377243941,0.236067953,0.30782936,0.575793468,0.575793468,0.498961217,0.330612419,0.346394381,0.379483882,0.228150944,0.318619014,0.228083434,0.228083434,0.318350505,0.333217316,0.281838465,0.401665369,0.262015265,0.332773939,0.595868423,0.595868423,0.507986415,0.319798106,0.348541888,0.36450641,0.222680863,0.311543764,0.233595513,0.233595513,0.297972923,0.322440257,0.29541148,0.379575301,0.25068757,0.350151576,0.336318855,0.336318855,0.337103545,0.31329461,0.298313626,0.377370666,0.237034595,0.329954501,0.292522941,0.292522941,0.306089516,0.311698669,0.29085965,0.367385095,0.243650878,0.331555469,0.338873175,0.338873175,0.327340123,0.306640384,0.320301997,0.361020504,0.248151449,0.330064153,0.31835569,0.31835569,0.312187228,0.30978515,0.308702892,0.356401659,0.252303033,0.336276109,0.318108093,0.318108093,0.313070412,0.309295033,0.309241839,0.351662485,0.259789847,0.34847553,0.330819111,0.330819111,0.332030897,0.309130927,0.316965495,0.343544502,0.274263834,0.347448918,0.293853855,0.293853855,0.32827035,0.309807787,0.314436678,0.339056411,0.291846341,0.338825386,0.326468328,0.326468328,0.30527661,0.310058035,0.304911739,0.335205016,0.304351725,0.340141779,0.271065798,0.271065798,0.282901152,0.3091855,0.286748136,0.717045456,0.444645874,0.335606924,0.319947286,0.377361283,0.359791786,0.359791786,0.401487263,0.444645874,0.420131478,0.333507552,0.33259252,0.380792612,0.485889976,0.485889976,0.432873185,0.414403277,0.447714996,0.339197334,0.332119251,0.363156678,0.494818673,0.494818673,0.458320043,0.41044167,0.449049977,0.404838477,0.351728333,0.351728333,,,,0.521867608
6,Exp05a: Correlated Sparseness (Reference set vs Morphlines),Sparseness Correlation,0.772279111,0.77239096,0.77239096,0.697449158,0.723518064,0.73625457,0.754785993,0.754785993,0.763809047,0.77239096,0.759299766,0.747511541,0.766944345,0.764552616,0.783414175,0.783414175,0.774554171,0.771792894,0.771474335,0.756515531,0.752683256,0.737568505,0.777406638,0.777406638,0.771844259,0.774390472,0.780612724,0.771633551,0.74166249,0.678231036,0.68162522,0.668500534,0.714343314,0.714343314,0.68207519,0.74166249,0.679652852,0.634057681,0.61147472,0.625195711,0.675761467,0.675761467,0.602500821,0.680588812,0.62171663,0.533997846,0.529271574,0.503756496,0.625273598,0.625273598,0.521583426,0.627996863,0.521599715,0.539517756,0.436737699,0.327897878,0.333410859,0.337821125,0.515210369,0.515210369,0.335518695,0.436737699,0.342816499,0.18391173,0.181488235,0.114793448,0.527027439,0.527027439,0.124410807,0.362747444,0.124422664,0.133904552,0.12026857,0.099486083,0.534427094,0.534427094,0.133716532,0.167980379,0.130181136,0.092699445,0.089122683,0.083980649,0.489704777,0.489704777,0.097948977,0.153921834,0.093897954,0.100232681,0.086858518,0.072088761,0.532590436,0.532590436,0.103050857,0.135085686,0.104296145,0.096823575,0.092625105,0.092609831,0.504622328,0.504622328,0.120384151,0.118574257,0.118804844,0.086968293,0.079087667,0.07649717,0.570776252,0.570776252,0.096317054,0.126339558,0.095077291,0.088978402,0.081264088,0.082344798,0.533204749,0.533204749,0.116820969,0.116021046,0.121160488,0.093790635,0.094355439,0.094687511,0.524062295,0.524062295,0.125247595,0.117352451,0.12720506,0.088874679,0.084538487,0.07534379,0.573966918,0.573966918,0.113635259,0.116695257,0.105898336,0.084872343,0.082231482,0.080166544,0.515942041,0.515942041,0.12938097,0.118771572,0.136072749,0.101990645,0.094576004,0.08477725,0.520099307,0.520099307,0.137696365,0.120867931,0.13723835,0.105014665,0.103374678,0.088374493,0.525241607,0.525241607,0.106079407,0.125305902,0.102499968,0.11026735,0.106261773,0.093894109,0.496149883,0.496149883,0.162328822,0.13551504,0.157918875,0.115226338,0.107968758,0.098308239,0.511979598,0.511979598,0.176455178,0.141018645,0.173063057,0.134491763,0.115982539,0.089397221,0.504394818,0.504394818,0.177366592,0.145883936,0.173709865,0.13557998,0.124105337,0.105922459,0.517896857,0.517896857,0.186663307,0.153546277,0.186922044,0.142992303,0.135651583,0.107423934,0.508835964,0.508835964,0.167177293,0.151583888,0.169612036,0.142891936,0.12959649,0.102818972,0.546420183,0.546420183,0.169854409,0.156638492,0.15534594,0.138179671,0.126258141,0.104333965,0.539390982,0.539390982,0.175723941,0.150431688,0.176306621,0.148358065,0.139015273,0.12417483,0.557421142,0.557421142,0.193367403,0.158379501,0.196623619,0.146465958,0.143851388,0.148986487,0.574282864,0.574282864,0.134450495,0.164869449,0.128451683,0.139587091,0.146741477,0.187488632,0.55447224,0.55447224,0.24042469,0.149188905,0.244023687,0.155876074,0.162825484,0.219045086,0.585462037,0.585462037,0.270950446,0.168784132,0.275272804,0.145572707,0.158057346,0.145852708,0.629922743,0.629922743,0.248489251,0.177012568,0.245524733,0.12038112,0.129879024,0.146644648,0.588559982,0.588559982,0.140445714,0.175242223,0.136886207,0.116661275,0.123451163,0.152096602,0.569380503,0.569380503,0.146339461,0.172201138,0.146144324,0.186419984,0.187557233,0.13245118,0.141678065,0.120810237,0.270061096,0.270061096,0.155253683,0.187557233,0.167274043,0.150884569,0.154424412,0.150142387,0.297755006,0.297755006,0.183839899,0.146217437,0.183321927,0.14701366,0.135380231,0.163999607,0.383707163,0.383707163,0.240953297,0.140728836,0.226709141,0.15804109,0.145181721,0.145181721,0.165125227,0.165125227,0.165125227,0.309244394
7,Exp05b: Correlated Sparseness (Shapes vs Textures),Sparseness Correlation,-0.036198629,0.060614352,0.060614352,-0.183300951,-0.026947732,0.180893199,0.135920904,0.135920904,0.077161232,0.060614352,0.073498974,-0.064104614,-0.061203421,-0.214092411,0.108414144,0.108414144,-0.027286205,0.054719827,-0.002590526,-0.034555924,-0.234330672,-0.145164723,0.122810036,0.122810036,-0.018635796,0.015199353,0.008208662,-0.027288841,-0.098624021,-0.120327726,-0.206590191,-0.245989929,0.101780833,0.101780833,-0.092990724,-0.098624021,-0.084867568,-0.079532626,-0.168968382,-0.245733277,0.139631332,0.139631332,-0.133813924,-0.110617235,-0.133372555,-0.093883709,-0.197179984,-0.175461257,0.11754273,0.11754273,-0.053893955,-0.093839358,-0.116627807,-0.073017219,-0.062248786,-0.060878344,-0.209868041,-0.310090684,0.159373994,0.159373994,-0.232104952,-0.062248786,-0.209688678,-0.105660111,-0.188672279,-0.171229633,0.235214768,0.235214768,-0.097017154,-0.111689135,-0.101480884,-0.146154431,-0.238963311,-0.217594395,0.210083587,0.210083587,-0.126142325,-0.119302083,-0.125437717,-0.188403146,-0.234809326,-0.248815752,0.241594488,0.241594488,-0.145077461,-0.141790552,-0.137024191,-0.128687884,-0.220672502,-0.287985038,0.194022823,0.194022823,-0.084721368,-0.166610503,-0.071231602,-0.133295676,-0.243152171,-0.247620549,0.165781647,0.165781647,-0.134141714,-0.158123942,-0.124518497,-0.184445809,-0.228297106,-0.260022874,0.263620972,0.263620972,-0.076455723,-0.150500113,-0.077117736,-0.128967437,-0.20076938,-0.265106441,0.171447654,0.171447654,-0.106782059,-0.154271039,-0.102587427,-0.155076669,-0.243646199,-0.28301352,0.167134446,0.167134446,-0.098706579,-0.15987827,-0.093466367,-0.224595752,-0.204285563,-0.292588204,0.210901772,0.210901772,-0.076679902,-0.168685894,-0.069023476,-0.179898343,-0.176035584,-0.242045999,0.221291504,0.221291504,-0.041083817,-0.173861782,-0.049272155,-0.156927605,-0.16718825,-0.192563374,0.236263159,0.236263159,-0.099056,-0.169276477,-0.101880638,-0.123496849,-0.171836742,-0.232488582,0.195291131,0.195291131,-0.033507863,-0.173336927,-0.047414995,-0.151454272,-0.163309362,-0.14290003,0.183361369,0.183361369,-0.125663356,-0.167950619,-0.126314136,-0.169418422,-0.177434379,-0.168821708,0.149277348,0.149277348,-0.153550359,-0.163200551,-0.154854667,-0.166601331,-0.164197713,-0.162178717,0.123641412,0.123641412,-0.112160611,-0.162666201,-0.103145478,-0.211002126,-0.142727492,-0.110924823,0.164301207,0.164301207,-0.135932045,-0.154503913,-0.142479084,-0.156408642,-0.15569759,-0.175398568,0.15749206,0.15749206,0.050698319,-0.155688068,0.068724366,-0.1374373,-0.110900993,-0.129373625,0.095693817,0.095693817,-0.133709955,-0.128633416,-0.133024036,-0.148823694,-0.153313142,-0.222419542,0.146658961,0.146658961,-0.099776294,-0.130295951,-0.101579803,-0.128674135,-0.122367969,-0.250909922,0.171055438,0.171055438,0.01825689,-0.129345237,0.024304952,-0.085297409,-0.111098648,-0.291895742,0.169582057,0.169582057,-0.007059909,-0.110561996,-0.025323291,-0.087658368,-0.132478115,-0.277631611,0.157599304,0.157599304,0.006411275,-0.096575544,0.025271005,-0.068330618,-0.131334815,-0.305171312,0.111543827,0.111543827,-0.036765463,-0.08507766,-0.037337238,-0.012143649,-0.119744336,-0.279912922,0.176299318,0.176299318,0.134562945,-0.082044538,0.157996446,0.036431698,-0.054099596,-0.071849128,0.216652161,0.216652161,0.103330082,-0.065852445,0.0910255,0.053450645,-0.022551756,0.043203255,0.273247362,0.273247362,0.046249152,-0.046774263,0.045654844,0.002188677,-0.111040919,0.063015845,-0.008676543,0.063081394,0.205811698,0.205811698,0.007098083,-0.111040919,0.00173532,0.058091063,-0.003463325,-0.030691742,0.148748785,0.148748785,0.099812599,-0.101262878,0.093948739,0.099480902,0.056946349,0.069149017,0.16850115,0.16850115,0.028743888,-0.075261775,0.026347284,-0.07372674,0.372941359,0.372941359,0.346350919,0.346350919,0.346350919,0.236789732
8,Exp06: Weber's Law,Correlation with length changes,0.052893185,0.051017505,0.051017505,0.029920646,0.046207318,0.041118176,0.086177604,0.086177604,0.102183159,0.051017505,0.10449336,0.101790976,0.088936341,0.079742326,0.085984576,0.085984576,0.069594183,0.105761959,0.055143038,0.119574555,0.091529665,0.089288427,0.076400029,0.076400029,0.030834189,0.079809521,0.017740619,0.065134163,0.070026278,0.061330069,0.055217473,0.048080761,0.059733771,0.059733771,0.061613121,0.070026278,0.05727613,0.069573196,0.062689281,0.059649522,0.064615867,0.064615867,0.065982806,0.047223223,0.035154048,0.061436185,0.055315862,0.041707825,0.081896994,0.081896994,0.106120923,0.036180003,0.104022527,0.090194976,0.075285332,0.105992765,0.108115606,0.103398904,0.096310609,0.096310609,0.090125102,0.075285332,0.091839073,0.103834482,0.085976677,0.076747229,0.080445999,0.080445999,0.074370151,0.082377497,0.066927685,0.084937999,0.070599004,0.066441473,0.032739,0.032739,0.049828135,0.084103795,0.06159777,0.088305045,0.087036597,0.088820371,0.07631145,0.07631145,0.074766052,0.077587582,0.07336564,0.089856154,0.0905244,0.0846165,0.062889875,0.062889875,0.064136318,0.077865487,0.062711373,0.089117028,0.094290205,0.100702572,0.09740083,0.09740083,0.109260925,0.073152132,0.115608147,0.112358417,0.106671648,0.100636986,0.062888004,0.062888004,0.068236818,0.082374629,0.079642769,0.117965645,0.104565535,0.10549487,0.096263197,0.096263197,0.103363962,0.088100004,0.101142205,0.141643663,0.127307114,0.125261228,0.117977363,0.117977363,0.136423453,0.100762511,0.134886194,0.142756599,0.162071722,0.169916551,0.177032385,0.177032385,0.201600731,0.11881633,0.201004829,0.186595206,0.169880866,0.178193417,0.164353165,0.164353165,0.170458334,0.139948051,0.169104763,0.189088691,0.174886911,0.169577043,0.144631165,0.144631165,0.153210249,0.15280317,0.13159239,0.210676657,0.195850033,0.196087214,0.199818189,0.199818189,0.220594096,0.150113978,0.175846587,0.205725668,0.190063646,0.179649336,0.169306847,0.169306847,0.182155337,0.158049194,0.132938676,0.21222409,0.183520928,0.174546921,0.19801074,0.19801074,0.203739335,0.150491938,0.231363619,0.219965332,0.196484213,0.185383611,0.222352984,0.222352984,0.225659903,0.158588888,0.210552922,0.219586572,0.199859105,0.197224476,0.237891603,0.237891603,0.236592531,0.171960546,0.198140733,0.241912107,0.225728443,0.224368642,0.268082711,0.268082711,0.265221639,0.173967024,0.222479166,0.241412923,0.212897993,0.201044953,0.232807447,0.232807447,0.245986094,0.157531089,0.240381465,0.248699539,0.218281373,0.212269243,0.269026841,0.269026841,0.26787884,0.168042441,0.232157316,0.25340664,0.223629576,0.223771088,0.247576791,0.247576791,0.232244493,0.181946917,0.192321306,0.246752863,0.220599616,0.224105201,0.240227325,0.240227325,0.234197306,0.18505292,0.223873985,0.246207778,0.217106785,0.218637551,0.22853229,0.22853229,0.228923408,0.203480512,0.204150102,0.243078198,0.220676748,0.215442881,0.217336937,0.217336937,0.219438621,0.206524296,0.20376656,0.240557494,0.226415344,0.246198453,0.23987134,0.23987134,0.248441981,0.208799231,0.191148505,0.238351079,0.231593893,0.256319444,0.23120104,0.23120104,0.210838489,0.202712049,0.145877677,0.226248778,0.214033266,0.223714093,0.234484518,0.234484518,0.239379514,0.182363407,0.226965619,0.166900414,0.179583002,0.21985259,0.209932946,0.178188474,0.181445731,0.181445731,0.172625434,0.179583002,0.170987705,0.223350704,0.221742412,0.218561157,0.232954406,0.232954406,0.225428857,0.173171585,0.228986455,0.219657368,0.2298049,0.239434162,0.291304577,0.291304577,0.275938979,0.175986871,0.275186738,0.178581325,0.13146311,0.13146311,0.217523728,0.217523728,0.217523728,0.249659599
9,Exp07: Relative Size Encoding,Average Relative Size Index,-0.001982072,-0.000915095,-0.000915095,0.00070052,0.00083619,0.001995506,0.000904103,0.000904103,0.001003126,-0.000915095,0.001790233,0.001759305,0.001009328,0.00272111,0.005357244,0.005357244,0.002134718,0.002746119,0.003015368,0.003378367,0.003419377,0.005207964,0.007536671,0.007536671,0.004274662,0.002999285,0.004671663,0.005228017,0.006292221,0.011328764,0.010577015,0.011377866,0.013518,0.013518,0.014555464,0.006292221,0.015185876,0.019692231,0.02032944,0.022563377,0.024945356,0.024945356,0.021799311,0.013979835,0.022579391,0.01470239,0.016260928,0.016902911,0.017614318,0.017614318,0.020185716,0.021139776,0.020426596,0.021102708,0.018766994,0.02266513,0.019763554,0.026177164,0.029290788,0.029290788,0.033365466,0.018766994,0.030518547,0.024063807,0.026521184,0.029023372,0.029855857,0.029855857,0.063212246,0.028644636,0.06177976,0.020155706,0.020299273,0.026228746,0.025835827,0.025835827,0.033362113,0.04594994,0.032680273,0.0353598,0.033526354,0.034212548,0.042235661,0.042235661,0.038618632,0.037975252,0.040531006,0.01732997,0.019684853,0.018784579,0.017396515,0.017396515,0.015232725,0.033671502,0.0185296,0.022482326,0.01860803,0.027107619,0.02157378,0.02157378,0.016661681,0.031450585,0.017996956,0.015231193,0.015179683,0.008306992,0.010329135,0.010329135,0.010283646,0.027410911,0.011300927,0.017588181,0.02066903,0.021982402,0.023924751,0.023924751,0.016617713,0.022257581,0.015808478,0.020859869,0.02257078,0.02120488,0.019864503,0.019864503,0.023166306,0.020521028,0.023672406,0.008550702,0.011757816,0.002756365,0.003935706,0.003935706,0.00979255,0.022640539,0.00606462,0.007135022,0.012642727,0.005051383,0.006358525,0.006358525,0.011214824,0.01702071,0.008187299,0.005403985,0.003926953,0.002053025,0.000963894,0.000963894,0.003996781,0.016757945,0.006854757,0.017148595,0.019773979,0.016883448,0.016726376,0.016726376,0.01282822,0.01776995,0.015753975,0.009302422,0.01041235,0.010719633,0.008024617,0.008024617,0.009271968,0.017362021,0.005558357,0.009000352,0.008002501,0.006606257,0.010095008,0.010095008,0.002967844,0.013673618,0.004267519,0.009625861,0.011353251,0.004949816,0.007972778,0.007972778,-0.012008011,0.011821003,-0.007973975,0.000527564,0.000188328,0.00557166,-0.005468457,-0.005468457,-0.001825537,0.011794029,-0.001810854,0.008258932,0.011787836,0.008783001,0.002222251,0.002222251,0.00095872,0.009796923,0.000557813,-6.40E-05,0.003797058,-0.00188379,-0.01323644,-0.01323644,-0.005732282,0.007878966,-0.004550234,0.004165018,0.006086709,0.001656194,-0.004857231,-0.004857231,-0.007110392,0.008068064,-0.005725494,0.004297507,0.004533858,-0.007878577,-0.012948251,-0.012948251,0.002112198,0.009144485,0.006707649,0.000373518,0.004864614,-0.003458248,-0.02158241,-0.02158241,0.007396457,0.005346847,0.009307827,0.004393525,0.006466263,0.016380161,-0.005867609,-0.005867609,0.009252227,0.003454692,0.013049535,-0.001367746,0.001095563,0.018001582,-0.023611106,-0.023611106,0.009084315,0.003383994,0.008106052,0.002611297,0.006117645,0.003079563,-0.030357581,-0.030357581,0.007921741,0.004721778,0.011915795,0.003290193,0.007271722,0.005084884,-0.007774784,-0.007774784,0.010404811,0.004570612,0.009893547,4.57E-05,0.004231119,0.003630564,-0.000738681,-0.000738681,0.008501812,0.005887971,0.004471017,-0.006367815,-0.001350742,-0.026108768,-0.02741342,-0.01793973,-0.02850643,-0.02850643,-0.027898388,-0.001350742,-0.032807328,-0.029975122,-0.030507118,-0.035340812,-0.030975934,-0.030975934,-0.018697836,-0.015282915,-0.014969681,-0.032280166,-0.027733553,-0.032685883,-0.013847706,-0.013847706,-0.028141085,-0.015442836,-0.028646067,-0.018749569,0.000693132,0.000693132,0.004221078,0.004221078,0.004221078,0.009429076
10,Exp08: Surface Invariance,Average Surface Invariance Index,0.025871364,0.026686605,0.026686605,0.008397882,0.00778325,0.006865462,0.00628508,0.00628508,0.006416832,0.026686605,0.005686314,0.002912452,0.002958886,0.003642604,0.001154013,0.001154013,0.004749984,0.008268581,0.003378211,0.003348953,0.004802169,0.002769302,0.001751822,0.001751822,0.005366338,0.003532961,0.005026481,0.006161052,0.004668304,0.001588498,0.003196419,0.002510857,0.003014324,0.003014324,0.000532179,0.004668304,0.001100837,0.003062162,0.00348537,0.002799327,0.005003589,0.005003589,0.000895252,0.001507455,0.000198201,0.002656678,0.001512237,0.003856024,0.007515367,0.007515367,0.00339579,0.001125473,0.002875438,0.001550682,0.002651318,0.001272098,0.003162416,0.000239433,0.001318484,0.001318484,-0.003034731,0.002651318,-0.001377678,0.002457638,0.000478495,0.00547998,0.004720107,0.004720107,0.000976867,0.000154693,0.000927312,0.001940361,0.004414932,0.007947835,0.008277369,0.008277369,0.003112091,0.002487633,0.003011283,0.005260307,0.006157468,0.010240248,0.006794729,0.006794729,0.003969041,0.004105839,0.004535886,0.000379187,0.002156571,0.006067178,0.003674848,0.003674848,0.001824951,0.001298206,0.001941426,0.001293423,0.000566334,0.007481403,0.005020633,0.005020633,0.001523784,0.001051949,0.000176933,0.003345223,0.00176792,0.007264022,0.004329562,0.004329562,0.001094636,0.003134014,-0.000543662,0.00303066,0.004538422,0.009441243,0.003428518,0.003428518,0.003350165,0.002772202,0.002822864,0.005008188,0.00396532,0.011956501,0.004527065,0.004527065,0.001304567,0.003548563,0.001985603,0.002887402,0.002213881,0.011581804,0.001520522,0.001520522,0.006668235,0.003161161,0.005961837,-0.000362019,0.000998876,0.006176205,0.001562635,0.001562635,0.001241518,0.00287999,0.00280671,0.001819807,0.002749617,0.006399354,0.000322446,0.000322446,-0.001344472,0.001921579,-0.001543528,0.003545192,0.002934459,0.011554951,0.011706801,0.011706801,0.006646729,0.00421329,0.005687636,0.001136678,0.003171688,0.006486651,-0.001677586,-0.001677586,0.006160941,0.002024275,0.0047392,-0.001075126,0.001590536,0.0096869,0.003373421,0.003373421,0.000597521,0.002579143,0.001311277,0.003663221,0.002888007,0.007737121,-0.002911973,-0.002911973,0.000260078,0.001192681,0.002637787,0.002893878,0.003152449,0.007709078,-0.001924908,-0.001924908,-0.004836819,0.003354796,-0.005317936,1.70E-05,0.001851498,0.01572342,0.002564429,0.002564429,-0.00064746,0.002464628,0.00295009,-0.001111656,-0.000507368,0.004723905,-0.003090738,-0.003090738,-0.004824932,0.001848002,-0.004393892,0.000855981,0.002563203,0.01073034,-0.001696048,-0.001696048,0.008210281,0.004489998,0.007472024,0.002335174,0.00372341,0.014898082,-0.002913324,-0.002913324,0.008966512,0.001318034,0.008538613,0.004067592,0.006720489,0.014714483,-0.012782537,-0.012782537,0.005547819,0.004783129,0.003949207,0.003666925,0.004272725,0.01162149,-0.01037949,-0.01037949,0.00949384,0.004433298,0.009171525,0.007093555,0.005573737,0.008009559,-0.000132286,-0.000132286,-0.00012642,0.005650408,-0.00140167,0.00943587,0.007529301,0.024430433,0.009173619,0.009173619,0.008895596,0.005114701,0.007069585,0.006133883,0.006210536,0.016129892,0.006290688,0.006290688,0.014385866,0.004875933,0.016225906,0.007960537,0.006271075,0.010804614,0.011421753,0.011421753,0.009241234,0.004468856,0.011196083,0.003052338,0.004586642,-0.000334335,-0.002927394,0.002424983,0.013247236,0.013247236,-0.000535871,0.004586642,-0.001749423,0.003640364,0.002347022,0.000443337,0.015050501,0.015050501,-0.003619201,0.002430568,-0.007188156,-0.002130794,-0.002559433,-0.004380658,0.019630756,0.019630756,0.012800916,-0.000387084,0.011474271,0.000165638,0.000156814,0.000156814,-0.006810924,-0.006810924,-0.006810924,0.003436054
11,Exp09a: 3D Processing (Condition 1),3D Processing Index,0.024577912,0.022603665,0.022603665,0.033281233,0.004883796,-0.016917931,0.011781491,0.011781491,-0.006809551,0.022603665,-0.006892746,-0.015801359,-0.024893809,-0.025146445,-0.021928074,-0.021928074,-0.0174619,-0.005308695,-0.022229768,-0.00824548,-0.033716299,-0.026806528,-0.026718507,-0.026718507,-0.024853816,-0.013543358,-0.016011911,-0.024660379,-0.033884577,-0.035947297,-0.048477851,-0.054999147,-0.054253906,-0.054253906,-0.056624629,-0.033884577,-0.120417871,-0.060581982,-0.063484266,-0.056166127,-0.065251358,-0.065251358,-0.092352554,-0.093213908,-0.153328538,-0.066213205,-0.065466769,-0.071250059,-0.075515017,-0.075515017,-0.14724043,-0.152314782,-0.202424154,-0.053145453,-0.070188776,-0.080745414,-0.147911251,-0.1720438,-0.111728847,-0.111728847,-0.136166751,-0.070188776,-0.154355764,-0.108470589,-0.122939035,-0.137209147,-0.067739904,-0.067739904,-0.094359472,-0.108167425,-0.099620089,-0.129122958,-0.136313945,-0.157649219,-0.108256616,-0.108256616,-0.13967216,-0.128951639,-0.142768934,-0.161808729,-0.185930282,-0.202720582,-0.106008306,-0.106008306,-0.117387272,-0.150660053,-0.133623332,-0.17804572,-0.198055834,-0.202378064,-0.110542938,-0.110542938,-0.122724906,-0.161101714,-0.140549064,-0.184455395,-0.201318085,-0.233561277,-0.108201891,-0.108201891,-0.119374216,-0.175608367,-0.12163768,-0.210889876,-0.222266823,-0.23444739,-0.115914658,-0.115914658,-0.117952988,-0.182576165,-0.143156141,-0.191560596,-0.231560409,-0.269769013,-0.119254962,-0.119254962,-0.115724981,-0.18460241,-0.125268891,-0.189840466,-0.250872433,-0.285772145,-0.188962966,-0.188962966,-0.174960971,-0.187036008,-0.207070351,-0.216502488,-0.231171548,-0.254115045,-0.081639916,-0.081639916,-0.081013739,-0.203240171,-0.101826966,-0.200676143,-0.210317492,-0.223439306,-0.030961979,-0.030961979,-0.017440991,-0.199803427,-0.023353163,-0.168623835,-0.20172894,-0.219939083,-0.035320591,-0.035320591,-0.032978289,-0.17834723,-0.067340538,-0.127380341,-0.213994876,-0.237217367,-0.086666316,-0.086666316,-0.074903496,-0.170799553,-0.117253929,-0.127274811,-0.204009235,-0.24371779,-0.111759409,-0.111759409,-0.118897066,-0.104299977,-0.226926982,-0.127754346,-0.212301672,-0.285784513,-0.126107633,-0.126107633,-0.146442413,-0.124630168,-0.142357558,-0.139481261,-0.205203146,-0.270430326,-0.139206842,-0.139206842,-0.153408796,-0.130034909,-0.25955534,-0.168934241,-0.194974229,-0.252689987,-0.151098907,-0.151098907,-0.191567808,-0.14949818,-0.185428828,-0.149176896,-0.225208402,-0.241330773,-0.10678862,-0.10678862,-0.092453353,-0.15053755,-0.276389986,-0.162765175,-0.216012806,-0.280499607,-0.162707642,-0.162707642,-0.185669541,-0.20103766,-0.25614059,-0.166869849,-0.240354672,-0.319479555,-0.158493355,-0.158493355,-0.165114015,-0.225258559,-0.29691267,-0.167741865,-0.257902682,-0.317490786,-0.218058288,-0.218058288,-0.252279937,-0.251102388,-0.341828734,-0.170021519,-0.270904601,-0.331014156,-0.216937155,-0.216937155,-0.220665097,-0.286348462,-0.247980565,-0.184952497,-0.256130844,-0.303806365,-0.224753708,-0.224753708,-0.233823657,-0.28145659,-0.22775723,-0.196596831,-0.251400173,-0.314546883,-0.226890981,-0.226890981,-0.229003757,-0.274061471,-0.240077838,-0.182398498,-0.230115443,-0.256798208,-0.12001811,-0.12001811,-0.099835709,-0.271509796,-0.251720548,-0.175656423,-0.211642385,-0.208946124,-0.140565991,-0.140565991,-0.200461209,-0.273612142,-0.266401708,-0.180312961,-0.218884438,-0.227480844,-0.174385369,-0.174385369,-0.247399867,-0.276032418,-0.29299444,-0.278283834,-0.241442174,-0.231366843,-0.229515553,-0.246875346,-0.296230316,-0.296230316,-0.32428211,-0.241442174,-0.263061225,-0.286755204,-0.229753822,-0.237273961,-0.196371764,-0.196371764,-0.226300165,-0.266617239,-0.12862739,-0.287464559,-0.230300918,-0.244658574,-0.235922068,-0.235922068,-0.268388242,-0.222181261,-0.161472484,-0.208915174,-0.402983129,-0.402983129,-0.413541913,-0.413541913,-0.413541913,-0.424209356
12,Exp09b: 3D Processing (Condition 2),3D Processing Index,0.022683004,0.023640634,0.023640634,0.030303234,0.019447092,0.010489607,0.02175175,0.02175175,0.008630516,0.023640634,0.008336969,0.002897758,0.001492646,0.002381763,0.000645935,0.000645935,0.002255807,0.009931613,-0.000554723,0.004968393,-0.002253771,-0.001505968,-0.002740692,-0.002740692,-0.004111372,0.003756107,-0.002421622,0.000209509,-0.005895764,-0.008864352,-0.009326875,-0.011062704,-0.013096597,-0.013096597,-0.01607924,-0.005895764,-0.026011072,-0.015318263,-0.014428329,-0.010742086,-0.015438505,-0.015438505,-0.02501932,-0.015599789,-0.048918791,-0.018323421,-0.022939481,-0.020963047,-0.021729834,-0.021729834,-0.04801292,-0.043169394,-0.072505966,-0.009980265,-0.017916065,-0.026216436,-0.049593516,-0.052785691,-0.043838363,-0.043838363,-0.045864068,-0.017916065,-0.05222939,-0.030697886,-0.034632459,-0.031546518,-0.022813018,-0.022813018,-0.032655962,-0.027348831,-0.035444915,-0.031794261,-0.030099604,-0.031192869,0.002619767,0.002619767,-0.00611979,-0.031251326,-0.006947602,-0.038807645,-0.045322839,-0.044813331,-0.009952853,-0.009952853,-0.020113995,-0.028525775,-0.026939362,-0.038321018,-0.052137814,-0.052859265,-0.018129429,-0.018129429,-0.025981614,-0.031266302,-0.035432443,-0.037637234,-0.063243568,-0.069203973,-0.027390357,-0.027390357,-0.030719008,-0.038014226,-0.031344753,-0.051217064,-0.057894096,-0.056654781,-0.027116809,-0.027116809,-0.028851755,-0.039575819,-0.044348568,-0.041947775,-0.06719733,-0.06665954,-0.017882988,-0.017882988,-0.014423354,-0.04047747,-0.025482256,-0.038059209,-0.071198031,-0.079121083,-0.051467817,-0.051467817,-0.047828786,-0.040572759,-0.054515846,-0.043994844,-0.058168381,-0.063063636,-0.034994237,-0.034994237,-0.033281691,-0.044435721,-0.045739092,-0.053600766,-0.064897716,-0.061522558,-0.004726454,-0.004726454,0.002407566,-0.051403701,0.002190914,-0.025917456,-0.050950717,-0.043747261,-0.006669415,-0.006669415,-0.007449951,-0.035747468,-0.050315484,-0.020587523,-0.057067614,-0.064147472,-0.019562207,-0.019562207,-0.017084271,-0.04016123,-0.163512781,-0.016180135,-0.055754852,-0.054732256,-0.019908343,-0.019908343,-0.019606674,-0.099632658,-0.087435775,-0.022837963,-0.066091403,-0.075828388,-0.049635552,-0.049635552,-0.052255727,-0.115160763,-0.064452872,-0.026917288,-0.062758617,-0.068896458,-0.048194125,-0.048194125,-0.053173959,-0.114831515,-0.112753391,-0.047626272,-0.069146261,-0.074345842,-0.049163148,-0.049163148,-0.05533231,-0.126741856,-0.072654642,-0.035973646,-0.076976076,-0.095610097,-0.034979608,-0.034979608,-0.04182753,-0.121839948,-0.181943804,-0.047953159,-0.076347277,-0.079365388,-0.010834425,-0.010834425,-0.008249524,-0.165779114,-0.046782017,-0.041546695,-0.077891104,-0.10633947,-0.052195806,-0.052195806,-0.062861547,-0.167655811,-0.148502022,-0.049706172,-0.089426994,-0.122115932,-0.092995986,-0.092995986,-0.096252874,-0.177306995,-0.205567464,-0.050919905,-0.095675282,-0.137380183,-0.107675686,-0.107675686,-0.117397249,-0.192488402,-0.175433427,-0.056339156,-0.09978161,-0.140663102,-0.1047424,-0.1047424,-0.110270053,-0.191221207,-0.12382111,-0.064889476,-0.095971651,-0.129418761,0.002442168,0.002442168,-0.004589974,-0.176766187,-0.115378387,-0.048310459,-0.093742818,-0.129183054,-0.100544572,-0.100544572,-0.084203169,-0.171702117,-0.178903446,-0.075896062,-0.10896755,-0.127704039,-0.130629033,-0.130629033,-0.139686674,-0.178196847,-0.1422562,-0.1145982,-0.150705665,-0.180544108,-0.154054299,-0.154054299,-0.180018455,-0.171165138,-0.186319143,-0.178170756,-0.161900848,-0.204201654,-0.162259936,-0.170457155,-0.212123156,-0.212123156,-0.240365863,-0.161900848,-0.223753184,-0.262180656,-0.173930854,-0.171405584,-0.156605661,-0.156605661,-0.162935734,-0.197549999,-0.096196935,-0.272997618,-0.185679004,-0.197657883,-0.210133851,-0.210133851,-0.214995414,-0.170700058,-0.157756865,-0.175328866,-0.418282092,-0.418282092,-0.365578443,-0.365578443,-0.365578443,-0.379077792
13,Exp10a: Occlusion Processing (Basic),Occlusion Index,-0.13544619,-0.1517388,-0.1517388,-0.051304832,-0.25592083,-0.27857158,-0.27279854,-0.27279854,-0.36190927,-0.1517388,-0.36787033,-0.36958206,-0.3830228,-0.39515042,-0.36872375,-0.36872375,-0.3528937,-0.37592596,-0.35828087,-0.37374187,-0.39159733,-0.40613538,-0.38304418,-0.38304418,-0.37756592,-0.35974562,-0.35560307,-0.40769604,-0.42312568,-0.41127223,-0.41312695,-0.43101108,-0.42037106,-0.42037106,-0.40692928,-0.42312568,-0.4361989,-0.40489233,-0.40687472,-0.41609108,-0.39900556,-0.39900556,-0.38805175,-0.42868072,-0.4487668,-0.38913324,-0.41237757,-0.40568286,-0.33060077,-0.33060077,-0.32565996,-0.44779778,-0.34889796,-0.3791772,-0.36938977,-0.35553944,-0.34440935,-0.34767562,-0.3435361,-0.3435361,-0.33642104,-0.36938977,-0.33936897,-0.3339966,-0.36109564,-0.35769814,-0.40062696,-0.40062696,-0.38786593,-0.3531614,-0.3812601,-0.3426633,-0.3372607,-0.30951086,-0.30789357,-0.30789357,-0.2826528,-0.34199926,-0.28213987,-0.28238547,-0.2751112,-0.25968733,-0.28281078,-0.28281078,-0.2851369,-0.3148926,-0.28623578,-0.2961496,-0.292674,-0.28492576,-0.28233436,-0.28233436,-0.26740405,-0.30159315,-0.2643459,-0.26801986,-0.25211886,-0.2496667,-0.24033713,-0.24033713,-0.21547973,-0.2890913,-0.19665766,-0.21208365,-0.21298781,-0.19830333,-0.17791367,-0.17791367,-0.1599937,-0.24934883,-0.13998522,-0.1681816,-0.1930723,-0.19340774,-0.16263413,-0.16263413,-0.14172426,-0.22067799,-0.13587615,-0.13555099,-0.15669209,-0.16018987,-0.13490404,-0.13490404,-0.11816433,-0.1999686,-0.12263031,-0.1489002,-0.15401173,-0.14823821,-0.11001428,-0.11001428,-0.10131038,-0.17935207,-0.09047243,-0.14036873,-0.15307197,-0.15693851,-0.14668536,-0.14668536,-0.14467272,-0.16573614,-0.1212171,-0.12162086,-0.14309146,-0.14295341,-0.13519531,-0.13519531,-0.13978481,-0.14921919,-0.13398924,-0.08769563,-0.12309783,-0.12073666,-0.10498771,-0.10498771,-0.10450047,-0.14178103,-0.20332375,-0.103082925,-0.14299546,-0.13869783,-0.14661096,-0.14661096,-0.15322195,-0.17717662,-0.12238218,-0.10270123,-0.15127033,-0.14417647,-0.14219849,-0.14219849,-0.14163537,-0.1538922,-0.123599425,-0.093792066,-0.13593167,-0.12933868,-0.1534629,-0.1534629,-0.15233757,-0.14716977,-0.1515699,-0.10662669,-0.12835445,-0.11953166,-0.094776124,-0.094776124,-0.09695076,-0.14432797,-0.10773569,-0.08158204,-0.10127885,-0.07983333,-0.12401134,-0.12401134,-0.1216416,-0.1348234,-0.17101322,-0.09086536,-0.124863714,-0.10509151,-0.10571294,-0.10571294,-0.10635954,-0.14668296,-0.107115075,-0.08599727,-0.11609757,-0.09774657,-0.10977441,-0.10977441,-0.09749731,-0.13075295,-0.08474438,-0.08447836,-0.107978,-0.08316171,-0.10686291,-0.10686291,-0.1000445,-0.11700772,-0.039785795,-0.083226934,-0.09588689,-0.074445084,-0.12013987,-0.12013987,-0.112074725,-0.0947978,-0.04938016,-0.093295746,-0.09492655,-0.08445197,-0.12048284,-0.12048284,-0.094860256,-0.077010624,-0.02641726,-0.09870767,-0.09702929,-0.09487021,-0.065475196,-0.065475196,-0.06911455,-0.062106125,-0.057924338,-0.102008596,-0.086455986,-0.101068884,-0.07273762,-0.07273762,-0.05589836,-0.0533623,-0.074481964,-0.094555214,-0.07167641,-0.096438795,-0.074767224,-0.074767224,-0.06280719,-0.057173815,-0.05904049,-0.09566573,-0.065573186,-0.08483571,-0.058414478,-0.058414478,-0.04317659,-0.05260631,-0.005867617,-0.042681865,-0.048163842,-0.06520898,-0.05170214,-0.045060985,-0.102941155,-0.102941155,-0.10810353,-0.048163842,-0.15588501,-0.11002982,-0.05906779,-0.023200216,-0.055301793,-0.055301793,-0.069656245,-0.07402314,-0.093685865,-0.1315241,-0.08178511,-0.05823646,-0.036389835,-0.036389835,-0.01906449,-0.08340477,-0.026947938,-0.07115506,-0.21961893,-0.21961893,-0.15455234,-0.15455234,-0.15455234,-0.20461732
14,Exp10b: Occlusion Processing (Depth Ordering),Occlusion Index,-0.14997283,-0.13587126,-0.13587126,-0.13751188,-0.033391815,-0.045957863,-0.024418022,-0.024418022,-0.02789391,-0.13587126,-0.026272224,-0.04069352,-0.030929495,-0.03304017,-0.015281078,-0.015281078,-0.015012819,-0.031590596,-0.004927229,-0.012447786,0.000306484,-0.005201784,0.014693023,0.014693023,-0.00471536,-0.006931139,-0.048111163,-0.015164969,-0.018265983,-0.01659714,-0.001954235,-0.006321157,-0.018477473,-0.018477473,-0.016388891,-0.018265983,0.031154979,-0.020389492,0.005359598,0.005915104,0.000977662,0.000977662,0.012291512,0.013007771,0.07998492,-0.00423403,0.021485135,0.023702499,0.018448867,0.018448867,0.051383425,0.066549666,0.100048654,0.000470302,0.021962516,0.001380684,0.057730466,0.06469731,0.029534109,0.029534109,0.058662247,0.021962516,0.05905714,0.00965099,0.06421064,0.0671718,-0.039297808,-0.039297808,-0.046747133,0.028477084,-0.042499542,0.015940733,0.095257305,0.105239645,0.022702545,0.022702545,0.015026378,0.023729827,0.006343946,-0.008232675,0.050766274,0.056022454,-0.017268797,-0.017268797,-0.015812984,0.010167187,-0.014830302,-0.009233924,0.061001353,0.060562093,-0.030400766,-0.030400766,-0.032801695,-0.003227872,-0.026450627,-0.028650247,0.057224788,0.068802804,-0.033534076,-0.033534076,-0.048006132,-0.020810224,-0.05129124,-0.05325546,0.005838313,0.014063956,-0.10627984,-0.10627984,-0.13598917,-0.046339855,-0.12126655,-0.07013461,0.006409907,0.016260803,-0.06611361,-0.06611361,-0.06599821,-0.07126092,-0.067731544,-0.08750497,-0.009629983,0.010178001,-0.031271424,-0.031271424,-0.036726568,-0.077292636,-0.030149702,-0.089489274,-0.032380197,-0.012255795,-0.103183255,-0.103183255,-0.12555178,-0.07017167,-0.11696592,-0.07920269,-0.033047736,-0.017508559,-0.12535802,-0.12535802,-0.13499704,-0.08230479,-0.117273696,-0.07732802,-0.025056645,-0.01048038,-0.11006743,-0.11006743,-0.12616754,-0.08522082,-0.08099129,-0.06259696,-0.010280612,0.018888898,-0.064541765,-0.064541765,-0.049957473,-0.09097375,0.08627623,-0.07166076,-0.009169538,0.007506381,-0.11926408,-0.11926408,-0.13163944,-0.01500981,-0.06214168,-0.082932144,-0.011373486,-0.001364725,-0.09334758,-0.09334758,-0.10407837,-0.015905643,-0.08851399,-0.066293776,-0.006131502,0.014156938,-0.0977703,-0.0977703,-0.09791023,-0.013250725,-0.09475017,-0.07858479,-0.024049267,-0.003840802,-0.11140264,-0.11140264,-0.10456,-0.018800769,-0.11586815,-0.05082834,0.01871147,0.059850805,0.003179359,0.003179359,0.014932973,-0.023021441,0.036996722,-0.049624026,0.005458309,0.032727316,-0.114568986,-0.114568986,-0.10270391,0.00968494,-0.013922223,-0.05101987,0.018275948,0.05184321,-0.062491775,-0.062491775,-0.05938578,0.017377304,0.016364606,-0.05334879,0.02461327,0.06498765,-0.043346576,-0.043346576,-0.05264686,0.03442989,-0.010017751,-0.042364087,0.02891011,0.07217323,-0.06499152,-0.06499152,-0.06142868,0.038117923,0.096897975,-0.054858476,0.025264828,0.064282924,-0.06474571,-0.06474571,-0.06531409,0.063447,0.053279635,-0.056371927,0.017132696,0.040607136,-0.021040713,-0.021040713,-0.004852068,0.065928236,0.029296894,-0.05680535,-0.014856162,-0.009997191,-0.11915069,-0.11915069,-0.11901344,0.07395064,0.020507433,-0.05301401,-0.023591734,-0.034602374,-0.08279217,-0.08279217,-0.051959567,0.07031815,0.029739397,-0.043364804,-0.02172793,-0.027573846,-0.058840994,-0.058840994,-0.021883644,0.060677066,0.041532144,-0.08328906,-0.0619571,-0.088354796,-0.039042618,-0.045236632,-0.09072813,-0.09072813,-0.0985766,-0.0619571,-0.087104015,-0.08135372,-0.031176835,-0.013644198,-0.000223799,-0.000223799,-0.010160831,-0.064290725,0.008724909,-0.06292187,-0.015716564,-0.003668493,0.011404727,0.011404727,-0.003802081,-0.049639106,0.015678085,-0.027762858,-0.051575202,-0.051575202,-0.050792575,-0.050792575,-0.050792575,-0.052498512
15,Exp11a: Object Parts Processing (Part Matching),Part-matching Index,0.234210894,0.219833851,0.219833851,0.287513882,0.183191717,0.182556212,0.160780817,0.160780817,0.165090173,0.219833851,0.166700423,0.156468958,0.162330508,0.167216033,0.159174487,0.159174487,0.169092163,0.165730357,0.157425404,0.158424407,0.164443955,0.163989604,0.167342722,0.167342722,0.171634585,0.145321935,0.174946368,0.170501962,0.179538935,0.179365501,0.174779683,0.176941499,0.173668563,0.173668563,0.16167897,0.179538935,0.184745163,0.183763593,0.180348888,0.178335771,0.17440334,0.17440334,0.176182494,0.178450301,0.19050464,0.171326846,0.167822212,0.16659829,0.146981776,0.146981776,0.153782398,0.189228788,0.178839475,0.119520798,0.13253659,0.137958527,0.146838605,0.162673771,0.151726276,0.151726276,0.141172841,0.13253659,0.140610367,0.13954775,0.150698915,0.160540015,0.120053485,0.120053485,0.12367177,0.133344382,0.127884477,0.131114393,0.148640305,0.150508881,0.084362686,0.084362686,0.083001129,0.125863865,0.090164855,0.105138734,0.119631767,0.1182639,0.120880656,0.120880656,0.115539297,0.110493526,0.117088944,0.134775326,0.161751807,0.150333583,0.09887746,0.09887746,0.098032765,0.108248174,0.102961123,0.112628311,0.143131167,0.132297456,0.096727788,0.096727788,0.093627051,0.104119167,0.102648184,0.111718789,0.144979954,0.136972979,0.072309017,0.072309017,0.063119501,0.095145941,0.067125916,0.066418111,0.103873029,0.090463862,0.048178453,0.048178453,0.055206358,0.081953064,0.054017574,0.065337978,0.100412503,0.08298403,0.061886624,0.061886624,0.072579831,0.080751747,0.079367414,0.08739613,0.116633803,0.127912521,0.066750377,0.066750377,0.067691021,0.074444532,0.081581287,0.075797454,0.106095955,0.105434924,0.06174051,0.06174051,0.060227908,0.068769678,0.062366955,0.073254034,0.104727387,0.104064211,0.059775688,0.059775688,0.061604097,0.06418743,0.102554753,0.080861479,0.102897272,0.106281579,0.077435985,0.077435985,0.082793452,0.075318635,0.088472039,0.075074092,0.101417676,0.114237592,0.070319057,0.070319057,0.066366814,0.071335077,0.083317459,0.081919983,0.099648267,0.113476947,0.061016303,0.061016303,0.059397392,0.081161693,0.069031939,0.085085198,0.104312122,0.12114507,0.087466389,0.087466389,0.090104729,0.077234164,0.085048631,0.092361137,0.110715181,0.106627755,0.042094857,0.042094857,0.035217773,0.089467555,0.007536376,0.093020126,0.1130853,0.116928004,0.071765408,0.071765408,0.069300056,0.08469104,0.065359391,0.08192189,0.097782508,0.115782671,0.049155373,0.049155373,0.042564835,0.061497878,0.047867537,0.078689814,0.099677585,0.111795582,0.076950893,0.076950893,0.077434003,0.070114844,0.082281455,0.075968161,0.089355096,0.116596922,0.035647169,0.035647169,0.039297082,0.074889436,0.055229645,0.066722646,0.077036075,0.097945206,0.028303962,0.028303962,0.025992673,0.058285106,0.054075669,0.052522704,0.055175237,0.087175123,0.036207348,0.036207348,0.04904379,0.04313536,0.109924853,0.044095546,0.051779486,0.089738078,0.037139844,0.037139844,0.033508677,0.055196151,0.130654678,0.03495232,0.047968537,0.02990748,0.035361204,0.035361204,0.035065513,0.068215728,0.108230367,0.043790381,0.050235838,0.00687013,0.063911915,0.063911915,0.070832349,0.072835259,0.078901805,0.056963596,0.039798398,-0.033008061,0.065642357,0.065642357,0.071570985,0.07280834,0.063866712,0.047015764,0.064738646,0.078365609,0.043053001,0.045663256,0.045307383,0.045307383,0.049860358,0.064738646,0.043836966,0.080997787,0.046809763,0.045077235,0.054965433,0.054965433,0.047091696,0.058027018,0.05317843,0.06356886,0.034813669,0.011597204,0.043120433,0.043120433,0.035495527,0.049093481,0.034935076,0.041481476,-0.001448673,-0.001448673,-0.014251258,-0.014251258,-0.014251258,-0.044252936
16,Exp11b: Object Parts Processing (Part Correlations),Natural Part Advantage,-0.000580113,-0.000584192,-0.000584192,-0.000492435,-0.000508577,-0.000536822,-0.000436192,-0.000436192,-0.000450031,-0.000584192,-0.000494487,-0.00065305,-0.00060296,-0.000605629,-0.000462411,-0.000462411,-0.000470634,-0.000509796,-0.000451236,-0.000506419,-0.000539831,-0.000443949,-0.000622695,-0.000622695,-0.000763421,-0.000514516,-0.001038053,-0.000658009,-0.000772112,-0.000750035,-0.00081982,-0.000916119,-0.000388759,-0.000388759,-0.000504092,-0.000772112,-0.000914215,-0.000744742,-0.000816198,-0.001092818,-0.000733601,-0.000733601,-0.000528274,-0.000973789,0.001250273,-0.000962863,-0.000791405,-0.001129696,-0.00073015,-0.00073015,0.001272745,0.00040105,0.003543974,-0.000772277,-0.000999561,0.002319134,-0.00013036,4.59E-05,-0.00071572,-0.00071572,0.000264873,-0.000999561,0.001396954,-6.76E-05,-0.002053828,-0.002428765,-0.001581613,-0.001581613,-0.0016284,-0.000808168,-0.001918197,-0.001414934,-0.002607211,-0.00316025,-0.002396926,-0.002396926,-0.001886308,-0.00089719,-0.002062913,-0.002335145,-0.002955131,-0.001450867,-0.00219287,-0.00219287,-0.00227744,-0.000907467,-0.002059353,0.00166868,-0.001592546,-0.001754001,-0.000930175,-0.000930175,-0.00068832,-0.001182447,-0.000792356,-0.001978076,-0.002745273,-0.002564098,0.001764798,0.001764798,0.003064691,-0.00112655,0.002621425,-0.002532757,-0.002989841,-0.003564672,0.000889983,0.000889983,0.003437583,-0.001275739,0.008673892,-0.004182653,-0.003098491,-0.001550478,-0.000987832,-0.000987832,4.45E-05,-0.001374312,0.000816322,-0.008885295,-0.007353389,-0.005090823,-0.004946313,-0.004946313,-0.003228299,-0.001112866,-0.010591212,0.000316084,-0.002908933,0.002665224,0.028093943,0.028093943,0.037163336,-0.003819328,0.042930121,-0.003466419,4.49E-05,0.001488708,0.008532978,0.008532978,0.010507881,-0.001837354,0.003231161,0.001948017,-4.35E-05,-0.000878706,0.003583698,0.003583698,0.002568938,0.000841593,-0.000583274,0.002450493,-0.000675547,-0.000936844,0.006530089,0.006530089,0.010420481,-0.001485807,0.116733004,0.002468967,0.002030617,0.005199195,0.003162895,0.003162895,0.002200539,0.049952347,0.002030564,0.013783838,0.007850061,0.011185494,0.009275198,0.009275198,0.008933646,0.038497244,0.033750672,0.009077469,0.00878891,0.012660708,0.034358339,0.034358339,0.028356022,0.04185261,-0.008175473,0.030302584,0.023401308,0.039698482,0.053648951,0.053648951,0.058263614,0.040247004,0.036258103,0.013641618,0.008913102,0.011867841,0.019650271,0.019650271,0.023036584,0.044020771,0.029255191,0.014627663,0.011912091,0.013927889,0.023906533,0.023906533,0.023059137,0.049645398,0.001658356,0.019182978,0.011197174,0.014958846,0.000505645,0.000505645,0.003446067,0.032867148,-0.003651303,0.012565941,0.00884662,0.016325148,0.00592328,0.00592328,0.017713989,0.026340281,0.033000522,0.009670546,0.009503925,0.017170435,0.006109068,0.006109068,0.009502003,0.03226665,0.03521156,0.005887953,0.009456622,0.016007855,0.028250136,0.028250136,0.041763657,0.033278711,0.053094401,0.006959345,0.013098262,0.016043598,-0.008574054,-0.008574054,0.006399663,0.038229192,0.033799157,0.001880231,0.004415005,0.023838348,0.006733037,0.006733037,0.020420237,0.040381653,-0.021126977,-0.002929362,0.00732633,0.015906578,-0.011527496,-0.011527496,-0.006310363,0.037371898,0.015039785,-0.011033388,0.004700534,0.001357398,-0.03077622,-0.03077622,-0.008507637,0.029227978,0.009021908,0.023215409,0.017985053,-0.015715515,0.028242127,0.021183066,0.010625362,0.010625362,0.006072589,0.017985053,0.01972532,-0.009389275,0.023875266,0.022173465,0.049356052,0.049356052,0.036583738,0.026038523,0.042732407,0.00771103,0.026506997,0.028417207,0.054320888,0.054320888,0.04770066,0.02797866,0.066776138,0.036654298,-0.094375876,-0.094375876,-0.051297631,-0.051297631,-0.051297631,-0.003069875
17,Exp12: Global-Local Shape Processing,Global Advantage Index,-0.014698605,-0.007694505,-0.007694505,-0.044703033,0.019982032,0.145777568,0.002303438,0.002303438,0.045295566,-0.007694505,0.025573052,0.045812376,0.081988715,0.100623161,0.065143839,0.065143839,0.080442607,0.023573766,0.090455905,0.003322838,0.077760279,0.085198157,0.033556174,0.033556174,0.084568702,0.027218545,0.180763528,0.020710491,0.05176343,0.069910258,0.094515353,0.140092,0.073927142,0.073927142,0.107932687,0.05176343,0.299562782,0.042731438,0.093432337,0.125738055,0.086985022,0.086985022,0.121642739,0.17724888,0.516993761,0.079111926,0.076814748,0.099410102,0.036169812,0.036169812,0.131415904,0.4587906,0.420281023,-0.000918123,0.018529251,-0.111307032,-0.041911144,0.059951618,0.024320083,0.024320083,0.032667201,0.018529251,0.072333552,-0.051342484,-0.016328285,0.014270246,-0.02526569,-0.02526569,-0.02365629,0.034625672,-0.000653068,0.045529559,0.038755756,0.069543824,-0.002763664,-0.002763664,-0.005814904,0.052445799,0.00071585,-0.084531039,-0.043632757,0.001191267,-0.012287176,-0.012287176,-0.004946484,0.043772068,0.007285564,0.032077599,0.053443313,0.073845454,0.01004686,0.01004686,0.015731085,0.052254602,0.02651147,-0.013047324,0.023899641,0.043055121,0.003144333,0.003144333,0.012333767,0.055326305,0.009614945,-0.018103188,0.035223689,0.051593799,0.043809548,0.043809548,0.049082115,0.04370654,0.06256628,-0.088389181,-0.052196488,-0.031894665,-0.014586809,-0.014586809,-0.01257574,0.048590686,-0.018115744,-0.148520067,-0.089461483,-0.087081991,-0.062674604,-0.062674604,-0.066097401,0.030768527,-0.062572569,-0.011471682,0.039464574,0.048098113,0.038263619,0.038263619,0.038672768,0.014554366,0.044596851,-0.061832841,-0.021909868,-0.017252887,-0.003696237,-0.003696237,0.000192064,0.016292732,0.010078853,-0.049213547,-0.01262539,-0.004663059,-0.012548645,-0.012548645,-0.008230085,0.017965849,0.003422908,-0.1786789,-0.146856114,-0.145868123,-0.121094793,-0.121094793,-0.122388721,0.010582354,-0.138710737,-0.096281499,-0.045376997,-0.036391228,-0.041639976,-0.041639976,-0.042280793,-0.069411606,-0.024339141,-0.091454238,-0.01802351,-0.000575768,-0.022890676,-0.022890676,-0.023122486,-0.070024714,-0.031217111,-0.132904217,-0.062284157,-0.056985114,-0.050010338,-0.050010338,-0.044724017,-0.067176133,0.005127122,-0.051299889,0.00946154,0.018464021,-0.019154793,-0.019154793,-0.025712695,-0.071161039,-0.002736024,-0.2413003,-0.217541039,-0.210367203,-0.16709967,-0.16709967,-0.160974964,-0.072488278,-0.068564057,-0.137946859,-0.08697173,-0.078471586,-0.085419193,-0.085419193,-0.077277355,-0.099413566,0.046379466,-0.16649653,-0.112420447,-0.085094668,-0.08287552,-0.08287552,-0.068527214,-0.069118038,0.100522622,-0.221585244,-0.161583275,-0.121099882,-0.113210134,-0.113210134,-0.137390003,-0.021757266,-0.180669859,-0.257669032,-0.185658857,-0.129757866,-0.123607516,-0.123607516,-0.121007487,-0.065664604,-0.047671925,-0.24999392,-0.153786033,-0.093000062,-0.141113311,-0.141113311,-0.133850396,-0.060913436,-0.130544648,-0.225227639,-0.123000316,-0.063832164,-0.098563068,-0.098563068,-0.103005081,-0.076454803,-0.07280764,-0.318583518,-0.239020482,-0.172673121,-0.143735677,-0.143735677,-0.133159429,-0.074789226,0.032406755,-0.265185773,-0.207743198,-0.20414488,-0.126658469,-0.126658469,-0.116966903,-0.060367793,-0.064340673,-0.233962283,-0.152352303,-0.182571277,-0.080045283,-0.080045283,-0.019420991,-0.061767489,0.086693183,-0.030680148,-0.085846685,-0.33088696,-0.223429665,-0.178859755,-0.116388254,-0.116388254,-0.121620141,-0.085846685,-0.134602368,-0.305787921,-0.201393306,-0.146801889,-0.107746281,-0.107746281,-0.119422473,-0.096070096,-0.121950284,-0.296346962,-0.19972451,-0.165486619,-0.104363777,-0.104363777,-0.108310543,-0.103077389,-0.120860316,-0.110943764,-0.374138385,-0.374138385,-0.42834422,-0.42834422,-0.42834422,-0.460623771
